Workbook

Sheet 사업관리 일정계획
A1: 구분 | B1: 월별 | D1: 8월 (M) | H1: 9월 (M+1) | P1: 10월 (M+2) | X1: 11월 (M+3) | AG1: 비고
B2: 주별 | C2: W1 | E2: W2 | G2: W1 | I2: W2 | K2: W3 | M2: W4 | O2: W1 | Q2: W2 | S2: W3 | U2: W4 | W2: W1 | Y2: W2 | AA2: W3 | AC2: W4 | AE2: W5
B3: 일별 | C3: 2023-08-05~ | E3: 2023-08-12~ | G3: 2023-08-19~ | I3: 2023-09-02~ | K3: 2023-09-09~ | M3: 2023-09-19~ | O3: 2023-09-30~ | Q3: 2023-10-07~ | S3: 2023-10-14~ | U3: 2023-10-21~ | W3: 2024-10-28~ | Y3: 2024-11-04~ | AA3: 2024-11-11~ | AC3: 202411-18~ | AE3: 2024-11-25~
B4: 계획/실적 | C4: 계획(누적) | D4: 실적(누적) | E4: 계획(누적) | F4: 실적(누적) | G4: 계획(누적) | H4: 실적(누적) | I4: 계획(누적) | J4: 실적(누적) | K4: 계획(누적) | L4: 실적(누적) | M4: 계획(누적) | N4: 실적(누적) | O4: 계획(누적) | P4: 실적(누적) | Q4: 계획(누적) | R4: 실적(누적) | S4: 계획(누적) | T4: 실적(누적) | U4: 계획(누적) | V4: 실적(누적) | W4: 계획(누적) | X4: 실적(누적) | Y4: 계획(누적) | Z4: 실적(누적) | AA4: 계획(누적) | AB4: 실적(누적) | AC4: 계획(누적) | AD4: 실적(누적) | AE4: 계획(누적) | AF4: 실적(누적)
A5: 주관기관 보고일정 | B5: 단계별 보고 | C5: 착수보고 | E5: - | G5: - | I5: - | K5: - | M5: - | O5: - | Q5: - | S5: - | U5: - | W5: 중간보고 | Y5: - | AA5: - | AC5: - | AE5: - | AG5: -
B6: 정기보고 | C6: - | E6: 주간보고 | G6: 주간보고 | I6: 주간보고 | K6: 주간보고 | M6: 주간보고 | O6: 주간보고 | Q6: 주간보고 | S6: 주간보고 | U6: 주간보고 | W6: 주간보고 | Y6: 주간보고 | AA6: 주간보고 | AC6: 주간보고 | AE6: 주간보고
A7: 인터뷰 일정수립 | B7: 참여대학별 인터뷰진행 | C7: 인터뷰진행 | E7: 인터뷰진행 | G7: 인터뷰진행 | I7: 인터뷰진행 | K7: - | M7: - | O7: - | Q7: - | S7: - | U7: - | W7: - | Y7: - | AA7: - | AC7: - | AE7: - | AG7: * 요구사항 인터뷰 * 건축법관련 데이터 인터뷰 * 기타 요구사항 인터뷰
A8: 시스템 기능별 개발 일정 | B8: 모델링 | C8: =SUM('기능 개발 WBS'!$N$5:$N$13)/COUNTA('기능 개발 WBS'!$F$5:$F$13) -> 0 | D8: =SUM('기능 개발 WBS'!$O$5:$O$13)/COUNTA('기능 개발 WBS'!$F$5:$F$13) -> 0 | E8: =SUM('기능 개발 WBS'!$V$5:$V$13)/COUNTA('기능 개발 WBS'!$F$5:$F$13) -> 0 | F8: =SUM('기능 개발 WBS'!$W$5:$W$13)/COUNTA('기능 개발 WBS'!$F$5:$F$13) -> 0 | G8: =SUM('기능 개발 WBS'!$AD$5:$AD$13)/COUNTA('기능 개발 WBS'!$F$5:$F$13) -> 0 | H8: =SUM('기능 개발 WBS'!$AE$5:$AE$13)/COUNTA('기능 개발 WBS'!$F$5:$F$13) -> 0 | I8: =SUM('기능 개발 WBS'!$AL$5:$AL$13)/COUNTA('기능 개발 WBS'!$F$5:$F$13) -> 0 | J8: =SUM('기능 개발 WBS'!$AM$5:$AM$13)/COUNTA('기능 개발 WBS'!$F$5:$F$13) -> 0 | K8: =SUM('기능 개발 WBS'!$AT$5:$AT$13)/COUNTA('기능 개발 WBS'!$F$5:$F$13) -> 0 | L8: =SUM('기능 개발 WBS'!$AU$5:$AU$13)/COUNTA('기능 개발 WBS'!$F$5:$F$13) -> 0 | M8: =SUM('기능 개발 WBS'!$BB$5:$BB$13)/COUNTA('기능 개발 WBS'!$F$5:$F$13) -> 0 | N8: =SUM('기능 개발 WBS'!$BC$5:$BC$13)/COUNTA('기능 개발 WBS'!$F$5:$F$13) -> 0 | O8: =SUM('기능 개발 WBS'!$BJ$5:$BJ$13)/COUNTA('기능 개발 WBS'!$F$5:$F$13) -> 0 | P8: =SUM('기능 개발 WBS'!$BK$5:$BK$13)/COUNTA('기능 개발 WBS'!$F$5:$F$13) -> 0 | Q8: =SUM('기능 개발 WBS'!$BR$5:$BR$13)/COUNTA('기능 개발 WBS'!$F$5:$F$13) -> 0 | R8: =SUM('기능 개발 WBS'!$BS$5:$BS$13)/COUNTA('기능 개발 WBS'!$F$5:$F$13) -> 0 | S8: =SUM('기능 개발 WBS'!$BZ$5:$BZ$13)/COUNTA('기능 개발 WBS'!$F$5:$F$13) -> 0 | T8: =SUM('기능 개발 WBS'!$CA$5:$CA$13)/COUNTA('기능 개발 WBS'!$F$5:$F$13) -> 0 | U8: =SUM('기능 개발 WBS'!$CH$5:$CH$13)/COUNTA('기능 개발 WBS'!$F$5:$F$13) -> 0 | V8: =SUM('기능 개발 WBS'!$CI$5:$CI$13)/COUNTA('기능 개발 WBS'!$F$5:$F$13) -> 0 | W8: =SUM('기능 개발 WBS'!$CP$5:$CP$13)/COUNTA('기능 개발 WBS'!$F$5:$F$13) -> 0 | X8: =SUM('기능 개발 WBS'!$CQ$5:$CQ$13)/COUNTA('기능 개발 WBS'!$F$5:$F$13) -> 0 | Y8: =SUM('기능 개발 WBS'!$CX$5:$CX$13)/COUNTA('기능 개발 WBS'!$F$5:$F$13) -> 0 | Z8: =SUM('기능 개발 WBS'!$CY$5:$CY$13)/COUNTA('기능 개발 WBS'!$F$5:$F$13) -> 0 | AA8: =SUM('기능 개발 WBS'!$DF$5:$DF$13)/COUNTA('기능 개발 WBS'!$F$5:$F$13) -> 0 | AB8: =SUM('기능 개발 WBS'!$DG$5:$DG$13)/COUNTA('기능 개발 WBS'!$F$5:$F$13) -> 0 | AC8: =SUM('기능 개발 WBS'!$DN$5:$DN$13)/COUNTA('기능 개발 WBS'!$F$5:$F$13) -> 0 | AD8: =SUM('기능 개발 WBS'!$DO$5:$DO$13)/COUNTA('기능 개발 WBS'!$F$5:$F$13) -> 0 | AE8: =SUM('기능 개발 WBS'!#REF!)/COUNTA('기능 개발 WBS'!$F$5:$F$13) -> #REF! | AF8: =SUM('기능 개발 WBS'!#REF!)/COUNTA('기능 개발 WBS'!$F$5:$F$13) -> #REF! | AG8: * 기능별 개발 세부일정은 WBS에 기반한 일정수립
B9: VR메타버스 | C9: =SUM('기능 개발 WBS'!$N$23:$N$28)/COUNTA('기능 개발 WBS'!$F$23:$F$28) -> 0 | D9: =SUM('기능 개발 WBS'!$O$23:$O$28)/COUNTA('기능 개발 WBS'!$F$23:$F$28) -> 0 | E9: =SUM('기능 개발 WBS'!$V$23:$V$28)/COUNTA('기능 개발 WBS'!$F$23:$F$28) -> 0 | F9: =SUM('기능 개발 WBS'!$W$23:$W$28)/COUNTA('기능 개발 WBS'!$F$23:$F$28) -> 0 | G9: =SUM('기능 개발 WBS'!$AD$23:$AD$28)/COUNTA('기능 개발 WBS'!$F$23:$F$28) -> 0 | H9: =SUM('기능 개발 WBS'!$AE$23:$AE$28)/COUNTA('기능 개발 WBS'!$F$23:$F$28) -> 0 | I9: =SUM('기능 개발 WBS'!$AL$23:$AL$28)/COUNTA('기능 개발 WBS'!$F$23:$F$28) -> 0 | J9: =SUM('기능 개발 WBS'!$AM$23:$AM$28)/COUNTA('기능 개발 WBS'!$F$23:$F$28) -> 0 | K9: =SUM('기능 개발 WBS'!$AT$23:$AT$28)/COUNTA('기능 개발 WBS'!$F$23:$F$28) -> 0 | L9: =SUM('기능 개발 WBS'!$AU$23:$AU$28)/COUNTA('기능 개발 WBS'!$F$23:$F$28) -> 0 | M9: =SUM('기능 개발 WBS'!$BB$23:$BB$28)/COUNTA('기능 개발 WBS'!$F$23:$F$28) -> 0 | N9: =SUM('기능 개발 WBS'!$BC$23:$BC$28)/COUNTA('기능 개발 WBS'!$F$23:$F$28) -> 0 | O9: =SUM('기능 개발 WBS'!$BJ$23:$BJ$28)/COUNTA('기능 개발 WBS'!$F$23:$F$28) -> 0 | P9: =SUM('기능 개발 WBS'!$BK$23:$BK$28)/COUNTA('기능 개발 WBS'!$F$23:$F$28) -> 0 | Q9: =SUM('기능 개발 WBS'!$BR$23:$BR$28)/COUNTA('기능 개발 WBS'!$F$23:$F$28) -> 0 | R9: =SUM('기능 개발 WBS'!$BS$23:$BS$28)/COUNTA('기능 개발 WBS'!$F$23:$F$28) -> 0 | S9: =SUM('기능 개발 WBS'!$BZ$23:$BZ$28)/COUNTA('기능 개발 WBS'!$F$23:$F$28) -> 0 | T9: =SUM('기능 개발 WBS'!$CA$23:$CA$28)/COUNTA('기능 개발 WBS'!$F$23:$F$28) -> 0 | U9: =SUM('기능 개발 WBS'!$CH$23:$CH$28)/COUNTA('기능 개발 WBS'!$F$23:$F$28) -> 0 | V9: =SUM('기능 개발 WBS'!$CI$23:$CI$28)/COUNTA('기능 개발 WBS'!$F$23:$F$28) -> 0 | W9: =SUM('기능 개발 WBS'!$CP$23:$CP$28)/COUNTA('기능 개발 WBS'!$F$23:$F$28) -> 0 | X9: =SUM('기능 개발 WBS'!$CQ$23:$CQ$28)/COUNTA('기능 개발 WBS'!$F$23:$F$28) -> 0 | Y9: =SUM('기능 개발 WBS'!$CX$23:$CX$28)/COUNTA('기능 개발 WBS'!$F$23:$F$28) -> 0 | Z9: =SUM('기능 개발 WBS'!$CY$23:$CY$28)/COUNTA('기능 개발 WBS'!$F$23:$F$28) -> 0 | AA9: =SUM('기능 개발 WBS'!$DF$23:$DF$28)/COUNTA('기능 개발 WBS'!$F$23:$F$28) -> 0 | AB9: =SUM('기능 개발 WBS'!$DG$23:$DG$28)/COUNTA('기능 개발 WBS'!$F$23:$F$28) -> 0 | AC9: =SUM('기능 개발 WBS'!$DN$23:$DN$28)/COUNTA('기능 개발 WBS'!$F$23:$F$28) -> 0 | AD9: =SUM('기능 개발 WBS'!$DO$23:$DO$28)/COUNTA('기능 개발 WBS'!$F$23:$F$28) -> 0 | AE9: =SUM('기능 개발 WBS'!#REF!)/COUNTA('기능 개발 WBS'!$F$23:$F$28) -> #REF! | AF9: =SUM('기능 개발 WBS'!#REF!)/COUNTA('기능 개발 WBS'!$F$23:$F$28) -> #REF!
B10: 가상공간 커뮤니케이션 | C10: =SUM('기능 개발 WBS'!$N$29:$N$31)/COUNTA('기능 개발 WBS'!$F$29:$F$31) -> 0 | D10: =SUM('기능 개발 WBS'!$O$29:$O$31)/COUNTA('기능 개발 WBS'!$F$29:$F$31) -> 0 | E10: =SUM('기능 개발 WBS'!$V$29:$V$31)/COUNTA('기능 개발 WBS'!$F$29:$F$31) -> 0 | F10: =SUM('기능 개발 WBS'!$W$29:$W$31)/COUNTA('기능 개발 WBS'!$F$29:$F$31) -> 0 | G10: =SUM('기능 개발 WBS'!$AD$29:$AD$31)/COUNTA('기능 개발 WBS'!$F$29:$F$31) -> 0 | H10: =SUM('기능 개발 WBS'!$AE$29:$AE$31)/COUNTA('기능 개발 WBS'!$F$29:$F$31) -> 0 | I10: =SUM('기능 개발 WBS'!$AL$29:$AL$31)/COUNTA('기능 개발 WBS'!$F$29:$F$31) -> 0 | J10: =SUM('기능 개발 WBS'!$AM$29:$AM$31)/COUNTA('기능 개발 WBS'!$F$29:$F$31) -> 0 | K10: =SUM('기능 개발 WBS'!$AT$29:$AT$31)/COUNTA('기능 개발 WBS'!$F$29:$F$31) -> 0 | L10: =SUM('기능 개발 WBS'!$AU$29:$AU$31)/COUNTA('기능 개발 WBS'!$F$29:$F$31) -> 0 | M10: =SUM('기능 개발 WBS'!$BB$29:$BB$31)/COUNTA('기능 개발 WBS'!$F$29:$F$31) -> 0 | N10: =SUM('기능 개발 WBS'!$BC$29:$BC$31)/COUNTA('기능 개발 WBS'!$F$29:$F$31) -> 0 | O10: =SUM('기능 개발 WBS'!$BJ$29:$BJ$31)/COUNTA('기능 개발 WBS'!$F$29:$F$31) -> 0 | P10: =SUM('기능 개발 WBS'!$BK$29:$BK$31)/COUNTA('기능 개발 WBS'!$F$29:$F$31) -> 0 | Q10: =SUM('기능 개발 WBS'!$BR$29:$BR$31)/COUNTA('기능 개발 WBS'!$F$29:$F$31) -> 0 | R10: =SUM('기능 개발 WBS'!$BS$29:$BS$31)/COUNTA('기능 개발 WBS'!$F$29:$F$31) -> 0 | S10: =SUM('기능 개발 WBS'!$BZ$29:$BZ$31)/COUNTA('기능 개발 WBS'!$F$29:$F$31) -> 0 | T10: =SUM('기능 개발 WBS'!$CA$29:$CA$31)/COUNTA('기능 개발 WBS'!$F$29:$F$31) -> 0 | U10: =SUM('기능 개발 WBS'!$CH$29:$CH$31)/COUNTA('기능 개발 WBS'!$F$29:$F$31) -> 0 | V10: =SUM('기능 개발 WBS'!$CI$29:$CI$31)/COUNTA('기능 개발 WBS'!$F$29:$F$31) -> 0 | W10: =SUM('기능 개발 WBS'!$CP$29:$CP$31)/COUNTA('기능 개발 WBS'!$F$29:$F$31) -> 0 | X10: =SUM('기능 개발 WBS'!$CQ$29:$CQ$31)/COUNTA('기능 개발 WBS'!$F$29:$F$31) -> 0 | Y10: =SUM('기능 개발 WBS'!$CX$29:$CX$31)/COUNTA('기능 개발 WBS'!$F$29:$F$31) -> 0 | Z10: =SUM('기능 개발 WBS'!$CY$29:$CY$31)/COUNTA('기능 개발 WBS'!$F$29:$F$31) -> 0 | AA10: =SUM('기능 개발 WBS'!$DF$29:$DF$31)/COUNTA('기능 개발 WBS'!$F$29:$F$31) -> 0 | AB10: =SUM('기능 개발 WBS'!$DG$29:$DG$31)/COUNTA('기능 개발 WBS'!$F$29:$F$31) -> 0 | AC10: =SUM('기능 개발 WBS'!$DN$29:$DN$31)/COUNTA('기능 개발 WBS'!$F$29:$F$31) -> 0 | AD10: =SUM('기능 개발 WBS'!$DO$29:$DO$31)/COUNTA('기능 개발 WBS'!$F$29:$F$31) -> 0 | AE10: =SUM('기능 개발 WBS'!#REF!)/COUNTA('기능 개발 WBS'!$F$29:$F$31) -> #REF! | AF10: =SUM('기능 개발 WBS'!#REF!)/COUNTA('기능 개발 WBS'!$F$29:$F$31) -> #REF!
B11: 건축정보데이터 | C11: =SUM('기능 개발 WBS'!$N$32:$N$37)/COUNTA('기능 개발 WBS'!$F$32:$F$37) -> 0 | D11: =SUM('기능 개발 WBS'!$O$32:$O$37)/COUNTA('기능 개발 WBS'!$F$32:$F$37) -> 0 | E11: =SUM('기능 개발 WBS'!$V$32:$V$37)/COUNTA('기능 개발 WBS'!$F$32:$F$37) -> 0 | F11: =SUM('기능 개발 WBS'!$W$32:$W$37)/COUNTA('기능 개발 WBS'!$F$32:$F$37) -> 0 | G11: =SUM('기능 개발 WBS'!$AD$32:$AD$37)/COUNTA('기능 개발 WBS'!$F$32:$F$37) -> 0 | H11: =SUM('기능 개발 WBS'!$AE$32:$AE$37)/COUNTA('기능 개발 WBS'!$F$32:$F$37) -> 0 | I11: =SUM('기능 개발 WBS'!$AL$32:$AL$37)/COUNTA('기능 개발 WBS'!$F$32:$F$37) -> 0 | J11: =SUM('기능 개발 WBS'!$AM$32:$AM$37)/COUNTA('기능 개발 WBS'!$F$32:$F$37) -> 0 | K11: =SUM('기능 개발 WBS'!$AT$32:$AT$37)/COUNTA('기능 개발 WBS'!$F$32:$F$37) -> 0 | L11: =SUM('기능 개발 WBS'!$AU$32:$AU$37)/COUNTA('기능 개발 WBS'!$F$32:$F$37) -> 0 | M11: =SUM('기능 개발 WBS'!$BB$32:$BB$37)/COUNTA('기능 개발 WBS'!$F$32:$F$37) -> 0 | N11: =SUM('기능 개발 WBS'!$BC$32:$BC$37)/COUNTA('기능 개발 WBS'!$F$32:$F$37) -> 0 | O11: =SUM('기능 개발 WBS'!$BJ$32:$BJ$37)/COUNTA('기능 개발 WBS'!$F$32:$F$37) -> 0 | P11: =SUM('기능 개발 WBS'!$BK$32:$BK$37)/COUNTA('기능 개발 WBS'!$F$32:$F$37) -> 0 | Q11: =SUM('기능 개발 WBS'!$BR$32:$BR$37)/COUNTA('기능 개발 WBS'!$F$32:$F$37) -> 0 | R11: =SUM('기능 개발 WBS'!$BS$32:$BS$37)/COUNTA('기능 개발 WBS'!$F$32:$F$37) -> 0 | S11: =SUM('기능 개발 WBS'!$BZ$32:$BZ$37)/COUNTA('기능 개발 WBS'!$F$32:$F$37) -> 0 | T11: =SUM('기능 개발 WBS'!$CA$32:$CA$37)/COUNTA('기능 개발 WBS'!$F$32:$F$37) -> 0 | U11: =SUM('기능 개발 WBS'!$CH$32:$CH$37)/COUNTA('기능 개발 WBS'!$F$32:$F$37) -> 0 | V11: =SUM('기능 개발 WBS'!$CI$32:$CI$37)/COUNTA('기능 개발 WBS'!$F$32:$F$37) -> 0 | W11: =SUM('기능 개발 WBS'!$CP$32:$CP$37)/COUNTA('기능 개발 WBS'!$F$32:$F$37) -> 0 | X11: =SUM('기능 개발 WBS'!$CQ$32:$CQ$37)/COUNTA('기능 개발 WBS'!$F$32:$F$37) -> 0 | Y11: =SUM('기능 개발 WBS'!$CX$32:$CX$37)/COUNTA('기능 개발 WBS'!$F$32:$F$37) -> 0 | Z11: =SUM('기능 개발 WBS'!$CY$32:$CY$37)/COUNTA('기능 개발 WBS'!$F$32:$F$37) -> 0 | AA11: =SUM('기능 개발 WBS'!$DF$32:$DF$37)/COUNTA('기능 개발 WBS'!$F$32:$F$37) -> 0 | AB11: =SUM('기능 개발 WBS'!$DG$32:$DG$37)/COUNTA('기능 개발 WBS'!$F$32:$F$37) -> 0 | AC11: =SUM('기능 개발 WBS'!$DN$32:$DN$37)/COUNTA('기능 개발 WBS'!$F$32:$F$37) -> 0 | AD11: =SUM('기능 개발 WBS'!$DO$32:$DO$37)/COUNTA('기능 개발 WBS'!$F$32:$F$37) -> 0 | AE11: =SUM('기능 개발 WBS'!#REF!)/COUNTA('기능 개발 WBS'!$F$32:$F$37) -> #REF! | AF11: =SUM('기능 개발 WBS'!#REF!)/COUNTA('기능 개발 WBS'!$F$32:$F$37) -> #REF!
B12: UI설계 및 연동데이터 시뮬레이션 | C12: =SUM('기능 개발 WBS'!#REF!)/COUNTA('기능 개발 WBS'!#REF!) -> #REF! | D12: =SUM('기능 개발 WBS'!#REF!)/COUNTA('기능 개발 WBS'!#REF!) -> #REF! | E12: =SUM('기능 개발 WBS'!#REF!)/COUNTA('기능 개발 WBS'!#REF!) -> #REF! | F12: =SUM('기능 개발 WBS'!#REF!)/COUNTA('기능 개발 WBS'!#REF!) -> #REF! | G12: =SUM('기능 개발 WBS'!#REF!)/COUNTA('기능 개발 WBS'!#REF!) -> #REF! | H12: =SUM('기능 개발 WBS'!#REF!)/COUNTA('기능 개발 WBS'!#REF!) -> #REF! | I12: =SUM('기능 개발 WBS'!#REF!)/COUNTA('기능 개발 WBS'!#REF!) -> #REF! | J12: =SUM('기능 개발 WBS'!#REF!)/COUNTA('기능 개발 WBS'!#REF!) -> #REF! | ... AF12: =SUM('기능 개발 WBS'!#REF!)/COUNTA('기능 개발 WBS'!#REF!) -> #REF! | AG12: * PoC 마감일에 맞추어 기능 테스트기간 확보

Sheet 기능 개발 WBS
A1: 부동산 플랫폼 PoC WBS
A3: 사업명 | B3: 대분류 | C3: 중분류 | D3: 기능별 분류 | E3: 기간 대비 개발우선순위 | F3: 과업 Task | G3: 목표량 | H3: 목표량(합) | I3: 누적 실적 | J3: 누적 진척율(%) | K3: 8월3주(8/19~) | S3: 8월4주(8/26~) | AA3: 9월1주(9/02~) | AI3: 9월2주(9/09~) | AQ3: 9월3주(9/19~) | AY3: 9월4주(9/30~) | BG3: 10월1주(10/07~) | BO3: 10월2주(10/14~) | BW3: 10월3주(10/21~) | CE3: 10월4주(10/28~) | CM3: 11월1주(11/04~) | CU3: 11월2주(11/11~) | DC3: 11월3주(11/18~) | DK3: 11월4주(11/25~)
K4: 목표량 | L4: 실적 | M4: 진척율(%) | N4: 누적(목) | O4: 누적(실) | P4: 누적(차) | Q4: 목표율(%) | R4: 누적율(%) | S4: 목표량 | T4: 실적 | U4: 진척율(%) | V4: 누적(목) | W4: 누적(실) | X4: 누적(차) | Y4: 목표율(%) | Z4: 누적율(%) | AA4: 목표량 | AB4: 실적 | AC4: 진척율(%) | AD4: 누적(목) | AE4: 누적(실) | AF4: 누적(차) | AG4: 목표율(%) | AH4: 누적율(%) | AI4: 목표량 | AJ4: 실적 | AK4: 진척율(%) | AL4: 누적(목) | AM4: 누적(실) | AN4: 누적(차) | AO4: 목표율(%) | AP4: 누적율(%) | AQ4: 목표량 | AR4: 실적 | AS4: 진척율(%) | AT4: 누적(목) | AU4: 누적(실) | AV4: 누적(차) | AW4: 목표율(%) | AX4: 누적율(%) | AY4: 목표량 | AZ4: 실적 | BA4: 진척율(%) | BB4: 누적(목) | BC4: 누적(실) | BD4: 누적(차) | BE4: 목표율(%) | BF4: 누적율(%) | BG4: 목표량 | BH4: 실적 | BI4: 진척율(%) | BJ4: 누적(목) | BK4: 누적(실) | BL4: 누적(차) | BM4: 목표율(%) | BN4: 누적율(%) | BO4: 목표량 | BP4: 실적 | BQ4: 진척율(%) | BR4: 누적(목) | BS4: 누적(실) | BT4: 누적(차) | BU4: 목표율(%) | BV4: 누적율(%) | BW4: 목표량 | BX4: 실적 | BY4: 진척율(%) | BZ4: 누적(목) | CA4: 누적(실) | CB4: 누적(차) | CC4: 목표율(%) | CD4: 누적율(%) | CE4: 목표량 | CF4: 실적 | CG4: 진척율(%) | CH4: 누적(목) | CI4: 누적(실) | CJ4: 누적(차) | CK4: 목표율(%) | CL4: 누적율(%) | CM4: 목표량 | CN4: 실적 | CO4: 진척율(%) | CP4: 누적(목) | CQ4: 누적(실) | CR4: 누적(차) | CS4: 목표율(%) | CT4: 누적율(%) | CU4: 목표량 | CV4: 실적 | CW4: 진척율(%) | CX4: 누적(목) | CY4: 누적(실) | CZ4: 누적(차) | DA4: 목표율(%) | DB4: 누적율(%) | DC4: 목표량 | DD4: 실적 | DE4: 진척율(%) | DF4: 누적(목) | DG4: 누적(실) | DH4: 누적(차) | DI4: 목표율(%) | DJ4: 누적율(%) | DK4: 목표량 | DL4: 실적 | DM4: 진척율(%) | DN4: 누적(목) | DO4: 누적(실) | DP4: 누적(차) | DQ4: 목표율(%) | DR4: 누적율(%)
A5: 부동산 메타버스 플랫폼 PoC | B5: 모델링 | C5: 레벨디자인 모델링 (지형 및 도시 인프라) | D5: 지적도 기반 지형모델링 | F5: 설계 | G5: 1 | H5: 1 | I5: =SUM(L5+T5+AB5+AJ5+AR5+AZ5+BH5+BP5+BX5+CF5+CN5+CV5+DD5+DL5+DT5+EB5+EJ5+ER5+EZ5+FI5+FR5+GB5+GL5+GV5+HF5+HP5+HZ5+IJ5+IT5+JD5+JN5+JX5+KH5+KR5+LB5+LL5+LV5+MF5+MP5+MZ5) -> 0 | J5: =IFERROR(IF((I5/H5)>=1,100%,(I5/H5)),0%) -> 0 | K5: 0 | L5: 0 | M5: =IFERROR(IF((L5/K5)>=1,100%,(L5/K5)),0%) -> 0 | N5: =+K5 -> 0 | O5: =+L5 -> 0 | P5: =O5-N5 -> 0 | Q5: =N5/$G5 -> 0 | R5: =O5/$G5 -> 0 | S5: 0 | T5: 0 | U5: =IFERROR(IF((T5/S5)>=1,100%,(T5/S5)),0%) -> 0 | V5: =N5+S5 -> 0 | W5: =O5+T5 -> 0 | X5: =W5-V5 -> 0 | Y5: =V5/$G5 -> 0 | Z5: =W5/$G5 -> 0 | AA5: 0 | AB5: 0 | AC5: =IFERROR(IF((AB5/AA5)>=1,100%,(AB5/AA5)),0%) -> 0 | AD5: =V5+AA5 -> 0 | AE5: =W5+AB5 -> 0 | AF5: =AE5-AD5 -> 0 | AG5: =AD5/$G5 -> 0 | AH5: =AE5/$G5 -> 0 | AI5: 0 | AJ5: 0 | AK5: =IFERROR(IF((AJ5/AI5)>=1,100%,(AJ5/AI5)),0%) -> 0 | AL5: =AD5+AI5 -> 0 | AM5: =AE5+AJ5 -> 0 | AN5: =AM5-AL5 -> 0 | AO5: =AL5/$G5 -> 0 | AP5: =AM5/$G5 -> 0 | AQ5: 0 | AR5: 0 | AS5: =IFERROR(IF((AR5/AQ5)>=1,100%,(AR5/AQ5)),0%) -> 0 | AT5: =AL5+AQ5 -> 0 | AU5: =AM5+AR5 -> 0 | AV5: =AU5-AT5 -> 0 | AW5: =AT5/$G5 -> 0 | AX5: =AU5/$G5 -> 0 | AY5: 0 | AZ5: 0 | BA5: =IFERROR(IF((AZ5/AY5)>=1,100%,(AZ5/AY5)),0%) -> 0 | BB5: =AT5+AY5 -> 0 | BC5: =AU5+AZ5 -> 0 | BD5: =BC5-BB5 -> 0 | BE5: =BB5/$G5 -> 0 | BF5: =BC5/$G5 -> 0 | BG5: 0 | BH5: 0 | BI5: =IFERROR(IF((BH5/BG5)>=1,100%,(BH5/BG5)),0%) -> 0 | BJ5: =BB5+BG5 -> 0 | BK5: =BC5+BH5 -> 0 | BL5: =BK5-BJ5 -> 0 | BM5: =BJ5/$G5 -> 0 | BN5: =BK5/$G5 -> 0 | BO5: 0 | BP5: 0 | BQ5: =IFERROR(IF((BP5/BO5)>=1,100%,(BP5/BO5)),0%) -> 0 | BR5: =BJ5+BO5 -> 0 | BS5: =BK5+BP5 -> 0 | BT5: =BS5-BR5 -> 0 | BU5: =BR5/$G5 -> 0 | BV5: =BS5/$G5 -> 0 | BW5: 0 | BX5: 0 | BY5: =IFERROR(IF((BX5/BW5)>=1,100%,(BX5/BW5)),0%) -> 0 | BZ5: =BR5+BW5 -> 0 | CA5: =BS5+BX5 -> 0 | CB5: =CA5-BZ5 -> 0 | CC5: =BZ5/$G5 -> 0 | CD5: =CA5/$G5 -> 0 | CE5: 0 | CF5: 0 | CG5: =IFERROR(IF((CF5/CE5)>=1,100%,(CF5/CE5)),0%) -> 0 | CH5: =BZ5+CE5 -> 0 | CI5: =CA5+CF5 -> 0 | CJ5: =CI5-CH5 -> 0 | CK5: =CH5/$G5 -> 0 | CL5: =CI5/$G5 -> 0 | CM5: 0 | CN5: 0 | CO5: =IFERROR(IF((CN5/CM5)>=1,100%,(CN5/CM5)),0%) -> 0 | CP5: =CH5+CM5 -> 0 | CQ5: =CI5+CN5 -> 0 | CR5: =CQ5-CP5 -> 0 | CS5: =CP5/$G5 -> 0 | CT5: =CQ5/$G5 -> 0 | CU5: 0 | CV5: 0 | CW5: =IFERROR(IF((CV5/CU5)>=1,100%,(CV5/CU5)),0%) -> 0 | CX5: =CP5+CU5 -> 0 | CY5: =CQ5+CV5 -> 0 | CZ5: =CY5-CX5 -> 0 | DA5: =CX5/$G5 -> 0 | DB5: =CY5/$G5 -> 0 | DC5: 0 | DD5: 0 | DE5: 0 | DF5: =CX5+DC5 -> 0 | DG5: =CY5+DD5 -> 0 | DH5: =DG5-DF5 -> 0 | DI5: =DF5/$G5 -> 0 | DJ5: =DG5/$G5 -> 0 | DK5: 0 | DL5: 0 | DM5: =IFERROR(IF((DL5/DK5)>=1,100%,(DL5/DK5)),0%) -> 0 | DN5: =DF5+DK5 -> 0 | DO5: =DG5+DL5 -> 0 | DP5: =DO5-DN5 -> 0 | DQ5: =DN5/$G5 -> 0 | DR5: =DO5/$G5 -> 0
F6: 구현 | G6: 1 | H6: 1 | I6: =SUM(L6+T6+AB6+AJ6+AR6+AZ6+BH6+BP6+BX6+CF6+CN6+CV6+DD6+DL6+DT6+EB6+EJ6+ER6+EZ6+FI6+FR6+GB6+GL6+GV6+HF6+HP6+HZ6+IJ6+IT6+JD6+JN6+JX6+KH6+KR6+LB6+LL6+LV6+MF6+MP6+MZ6) -> 0 | J6: =IFERROR(IF((I6/H6)>=1,100%,(I6/H6)),0%) -> 0 | K6: 0 | L6: 0 | M6: =IFERROR(IF((L6/K6)>=1,100%,(L6/K6)),0%) -> 0 | N6: =+K6 -> 0 | O6: =+L6 -> 0 | P6: =O6-N6 -> 0 | Q6: =N6/$G6 -> 0 | R6: =O6/$G6 -> 0 | S6: 0 | T6: 0 | U6: =IFERROR(IF((T6/S6)>=1,100%,(T6/S6)),0%) -> 0 | V6: =N6+S6 -> 0 | W6: =O6+T6 -> 0 | X6: =W6-V6 -> 0 | Y6: =V6/$G6 -> 0 | Z6: =W6/$G6 -> 0 | AA6: 0 | AB6: 0 | AC6: =IFERROR(IF((AB6/AA6)>=1,100%,(AB6/AA6)),0%) -> 0 | AD6: =V6+AA6 -> 0 | AE6: =W6+AB6 -> 0 | AF6: =AE6-AD6 -> 0 | AG6: =AD6/$G6 -> 0 | AH6: =AE6/$G6 -> 0 | AI6: 0 | AJ6: 0 | AK6: =IFERROR(IF((AJ6/AI6)>=1,100%,(AJ6/AI6)),0%) -> 0 | AL6: =AD6+AI6 -> 0 | AM6: =AE6+AJ6 -> 0 | AN6: =AM6-AL6 -> 0 | AO6: =AL6/$G6 -> 0 | AP6: =AM6/$G6 -> 0 | AQ6: 0 | AR6: 0 | AS6: =IFERROR(IF((AR6/AQ6)>=1,100%,(AR6/AQ6)),0%) -> 0 | AT6: =AL6+AQ6 -> 0 | AU6: =AM6+AR6 -> 0 | AV6: =AU6-AT6 -> 0 | AW6: =AT6/$G6 -> 0 | AX6: =AU6/$G6 -> 0 | AY6: 0 | AZ6: 0 | BA6: =IFERROR(IF((AZ6/AY6)>=1,100%,(AZ6/AY6)),0%) -> 0 | BB6: =AT6+AY6 -> 0 | BC6: =AU6+AZ6 -> 0 | BD6: =BC6-BB6 -> 0 | BE6: =BB6/$G6 -> 0 | BF6: =BC6/$G6 -> 0 | BG6: 0 | BH6: 0 | BI6: =IFERROR(IF((BH6/BG6)>=1,100%,(BH6/BG6)),0%) -> 0 | BJ6: =BB6+BG6 -> 0 | BK6: =BC6+BH6 -> 0 | BL6: =BK6-BJ6 -> 0 | BM6: =BJ6/$G6 -> 0 | BN6: =BK6/$G6 -> 0 | BO6: 0 | BP6: 0 | BQ6: =IFERROR(IF((BP6/BO6)>=1,100%,(BP6/BO6)),0%) -> 0 | BR6: =BJ6+BO6 -> 0 | BS6: =BK6+BP6 -> 0 | BT6: =BS6-BR6 -> 0 | BU6: =BR6/$G6 -> 0 | BV6: =BS6/$G6 -> 0 | BW6: 0 | BX6: 0 | BY6: =IFERROR(IF((BX6/BW6)>=1,100%,(BX6/BW6)),0%) -> 0 | BZ6: =BR6+BW6 -> 0 | CA6: =BS6+BX6 -> 0 | CB6: =CA6-BZ6 -> 0 | CC6: =BZ6/$G6 -> 0 | CD6: =CA6/$G6 -> 0 | CE6: 0 | CF6: 0 | CG6: =IFERROR(IF((CF6/CE6)>=1,100%,(CF6/CE6)),0%) -> 0 | CH6: =BZ6+CE6 -> 0 | CI6: =CA6+CF6 -> 0 | CJ6: =CI6-CH6 -> 0 | CK6: =CH6/$G6 -> 0 | CL6: =CI6/$G6 -> 0 | CM6: 0 | CN6: 0 | CO6: =IFERROR(IF((CN6/CM6)>=1,100%,(CN6/CM6)),0%) -> 0 | CP6: =CH6+CM6 -> 0 | CQ6: =CI6+CN6 -> 0 | CR6: =CQ6-CP6 -> 0 | CS6: =CP6/$G6 -> 0 | CT6: =CQ6/$G6 -> 0 | CU6: 0 | CV6: 0 | CW6: =IFERROR(IF((CV6/CU6)>=1,100%,(CV6/CU6)),0%) -> 0 | CX6: =CP6+CU6 -> 0 | CY6: =CQ6+CV6 -> 0 | CZ6: =CY6-CX6 -> 0 | DA6: =CX6/$G6 -> 0 | DB6: =CY6/$G6 -> 0 | DC6: 0 | DD6: 0 | DE6: 0 | DF6: =CX6+DC6 -> 0 | DG6: =CY6+DD6 -> 0 | DH6: =DG6-DF6 -> 0 | DI6: =DF6/$G6 -> 0 | DJ6: =DG6/$G6 -> 0 | DK6: 0 | DL6: 0 | DM6: =IFERROR(IF((DL6/DK6)>=1,100%,(DL6/DK6)),0%) -> 0 | DN6: =DF6+DK6 -> 0 | DO6: =DG6+DL6 -> 0 | DP6: =DO6-DN6 -> 0 | DQ6: =DN6/$G6 -> 0 | DR6: =DO6/$G6 -> 0
F7: 테스트 | G7: 1 | H7: 1 | I7: =SUM(L7+T7+AB7+AJ7+AR7+AZ7+BH7+BP7+BX7+CF7+CN7+CV7+DD7+DL7+DT7+EB7+EJ7+ER7+EZ7+FI7+FR7+GB7+GL7+GV7+HF7+HP7+HZ7+IJ7+IT7+JD7+JN7+JX7+KH7+KR7+LB7+LL7+LV7+MF7+MP7+MZ7) -> 0 | J7: =IFERROR(IF((I7/H7)>=1,100%,(I7/H7)),0%) -> 0 | K7: 0 | L7: 0 | M7: =IFERROR(IF((L7/K7)>=1,100%,(L7/K7)),0%) -> 0 | N7: =+K7 -> 0 | O7: =+L7 -> 0 | P7: =O7-N7 -> 0 | Q7: =N7/$G7 -> 0 | R7: =O7/$G7 -> 0 | S7: 0 | T7: 0 | U7: =IFERROR(IF((T7/S7)>=1,100%,(T7/S7)),0%) -> 0 | V7: =N7+S7 -> 0 | W7: =O7+T7 -> 0 | X7: =W7-V7 -> 0 | Y7: =V7/$G7 -> 0 | Z7: =W7/$G7 -> 0 | AA7: 0 | AB7: 0 | AC7: =IFERROR(IF((AB7/AA7)>=1,100%,(AB7/AA7)),0%) -> 0 | AD7: =V7+AA7 -> 0 | AE7: =W7+AB7 -> 0 | AF7: =AE7-AD7 -> 0 | AG7: =AD7/$G7 -> 0 | AH7: =AE7/$G7 -> 0 | AI7: 0 | AJ7: 0 | AK7: =IFERROR(IF((AJ7/AI7)>=1,100%,(AJ7/AI7)),0%) -> 0 | AL7: =AD7+AI7 -> 0 | AM7: =AE7+AJ7 -> 0 | AN7: =AM7-AL7 -> 0 | AO7: =AL7/$G7 -> 0 | AP7: =AM7/$G7 -> 0 | AQ7: 0 | AR7: 0 | AS7: =IFERROR(IF((AR7/AQ7)>=1,100%,(AR7/AQ7)),0%) -> 0 | AT7: =AL7+AQ7 -> 0 | AU7: =AM7+AR7 -> 0 | AV7: =AU7-AT7 -> 0 | AW7: =AT7/$G7 -> 0 | AX7: =AU7/$G7 -> 0 | AY7: 0 | AZ7: 0 | BA7: =IFERROR(IF((AZ7/AY7)>=1,100%,(AZ7/AY7)),0%) -> 0 | BB7: =AT7+AY7 -> 0 | BC7: =AU7+AZ7 -> 0 | BD7: =BC7-BB7 -> 0 | BE7: =BB7/$G7 -> 0 | BF7: =BC7/$G7 -> 0 | BG7: 0 | BH7: 0 | BI7: =IFERROR(IF((BH7/BG7)>=1,100%,(BH7/BG7)),0%) -> 0 | BJ7: =BB7+BG7 -> 0 | BK7: =BC7+BH7 -> 0 | BL7: =BK7-BJ7 -> 0 | BM7: =BJ7/$G7 -> 0 | BN7: =BK7/$G7 -> 0 | BO7: 0 | BP7: 0 | BQ7: =IFERROR(IF((BP7/BO7)>=1,100%,(BP7/BO7)),0%) -> 0 | BR7: =BJ7+BO7 -> 0 | BS7: =BK7+BP7 -> 0 | BT7: =BS7-BR7 -> 0 | BU7: =BR7/$G7 -> 0 | BV7: =BS7/$G7 -> 0 | BW7: 0 | BX7: 0 | BY7: =IFERROR(IF((BX7/BW7)>=1,100%,(BX7/BW7)),0%) -> 0 | BZ7: =BR7+BW7 -> 0 | CA7: =BS7+BX7 -> 0 | CB7: =CA7-BZ7 -> 0 | CC7: =BZ7/$G7 -> 0 | CD7: =CA7/$G7 -> 0 | CE7: 0 | CF7: 0 | CG7: =IFERROR(IF((CF7/CE7)>=1,100%,(CF7/CE7)),0%) -> 0 | CH7: =BZ7+CE7 -> 0 | CI7: =CA7+CF7 -> 0 | CJ7: =CI7-CH7 -> 0 | CK7: =CH7/$G7 -> 0 | CL7: =CI7/$G7 -> 0 | CM7: 0 | CN7: 0 | CO7: =IFERROR(IF((CN7/CM7)>=1,100%,(CN7/CM7)),0%) -> 0 | CP7: =CH7+CM7 -> 0 | CQ7: =CI7+CN7 -> 0 | CR7: =CQ7-CP7 -> 0 | CS7: =CP7/$G7 -> 0 | CT7: =CQ7/$G7 -> 0 | CU7: 0 | CV7: 0 | CW7: =IFERROR(IF((CV7/CU7)>=1,100%,(CV7/CU7)),0%) -> 0 | CX7: =CP7+CU7 -> 0 | CY7: =CQ7+CV7 -> 0 | CZ7: =CY7-CX7 -> 0 | DA7: =CX7/$G7 -> 0 | DB7: =CY7/$G7 -> 0 | DC7: 0 | DD7: 0 | DE7: 0 | DF7: =CX7+DC7 -> 0 | DG7: =CY7+DD7 -> 0 | DH7: =DG7-DF7 -> 0 | DI7: =DF7/$G7 -> 0 | DJ7: =DG7/$G7 -> 0 | DK7: 0 | DL7: 0 | DM7: =IFERROR(IF((DL7/DK7)>=1,100%,(DL7/DK7)),0%) -> 0 | DN7: =DF7+DK7 -> 0 | DO7: =DG7+DL7 -> 0 | DP7: =DO7-DN7 -> 0 | DQ7: =DN7/$G7 -> 0 | DR7: =DO7/$G7 -> 0
C8: 건축물 모델링 | D8: 지적도 기반 건축물 모델링 | F8: 설계 | G8: 1 | H8: 1 | I8: =SUM(L8+T8+AB8+AJ8+AR8+AZ8+BH8+BP8+BX8+CF8+CN8+CV8+DD8+DL8+DT8+EB8+EJ8+ER8+EZ8+FI8+FR8+GB8+GL8+GV8+HF8+HP8+HZ8+IJ8+IT8+JD8+JN8+JX8+KH8+KR8+LB8+LL8+LV8+MF8+MP8+MZ8) -> 0 | J8: =IFERROR(IF((I8/H8)>=1,100%,(I8/H8)),0%) -> 0 | K8: 0 | L8: 0 | M8: =IFERROR(IF((L8/K8)>=1,100%,(L8/K8)),0%) -> 0 | N8: =+K8 -> 0 | O8: =+L8 -> 0 | P8: =O8-N8 -> 0 | Q8: =N8/$G8 -> 0 | R8: =O8/$G8 -> 0 | S8: 0 | T8: 0 | U8: =IFERROR(IF((T8/S8)>=1,100%,(T8/S8)),0%) -> 0 | V8: =N8+S8 -> 0 | W8: =O8+T8 -> 0 | X8: =W8-V8 -> 0 | Y8: =V8/$G8 -> 0 | Z8: =W8/$G8 -> 0 | AA8: 0 | AB8: 0 | AC8: =IFERROR(IF((AB8/AA8)>=1,100%,(AB8/AA8)),0%) -> 0 | AD8: =V8+AA8 -> 0 | AE8: =W8+AB8 -> 0 | AF8: =AE8-AD8 -> 0 | AG8: =AD8/$G8 -> 0 | AH8: =AE8/$G8 -> 0 | AI8: 0 | AJ8: 0 | AK8: =IFERROR(IF((AJ8/AI8)>=1,100%,(AJ8/AI8)),0%) -> 0 | AL8: =AD8+AI8 -> 0 | AM8: =AE8+AJ8 -> 0 | AN8: =AM8-AL8 -> 0 | AO8: =AL8/$G8 -> 0 | AP8: =AM8/$G8 -> 0 | AQ8: 0 | AR8: 0 | AS8: =IFERROR(IF((AR8/AQ8)>=1,100%,(AR8/AQ8)),0%) -> 0 | AT8: =AL8+AQ8 -> 0 | AU8: =AM8+AR8 -> 0 | AV8: =AU8-AT8 -> 0 | AW8: =AT8/$G8 -> 0 | AX8: =AU8/$G8 -> 0 | AY8: 0 | AZ8: 0 | BA8: =IFERROR(IF((AZ8/AY8)>=1,100%,(AZ8/AY8)),0%) -> 0 | BB8: =AT8+AY8 -> 0 | BC8: =AU8+AZ8 -> 0 | BD8: =BC8-BB8 -> 0 | BE8: =BB8/$G8 -> 0 | BF8: =BC8/$G8 -> 0 | BG8: 0 | BH8: 0 | BI8: =IFERROR(IF((BH8/BG8)>=1,100%,(BH8/BG8)),0%) -> 0 | BJ8: =BB8+BG8 -> 0 | BK8: =BC8+BH8 -> 0 | BL8: =BK8-BJ8 -> 0 | BM8: =BJ8/$G8 -> 0 | BN8: =BK8/$G8 -> 0 | BO8: 0 | BP8: 0 | BQ8: =IFERROR(IF((BP8/BO8)>=1,100%,(BP8/BO8)),0%) -> 0 | BR8: =BJ8+BO8 -> 0 | BS8: =BK8+BP8 -> 0 | BT8: =BS8-BR8 -> 0 | BU8: =BR8/$G8 -> 0 | BV8: =BS8/$G8 -> 0 | BW8: 0 | BX8: 0 | BY8: =IFERROR(IF((BX8/BW8)>=1,100%,(BX8/BW8)),0%) -> 0 | BZ8: =BR8+BW8 -> 0 | CA8: =BS8+BX8 -> 0 | CB8: =CA8-BZ8 -> 0 | CC8: =BZ8/$G8 -> 0 | CD8: =CA8/$G8 -> 0 | CE8: 0 | CF8: 0 | CG8: =IFERROR(IF((CF8/CE8)>=1,100%,(CF8/CE8)),0%) -> 0 | CH8: =BZ8+CE8 -> 0 | CI8: =CA8+CF8 -> 0 | CJ8: =CI8-CH8 -> 0 | CK8: =CH8/$G8 -> 0 | CL8: =CI8/$G8 -> 0 | CM8: 0 | CN8: 0 | CO8: =IFERROR(IF((CN8/CM8)>=1,100%,(CN8/CM8)),0%) -> 0 | CP8: =CH8+CM8 -> 0 | CQ8: =CI8+CN8 -> 0 | CR8: =CQ8-CP8 -> 0 | CS8: =CP8/$G8 -> 0 | CT8: =CQ8/$G8 -> 0 | CU8: 0 | CV8: 0 | CW8: =IFERROR(IF((CV8/CU8)>=1,100%,(CV8/CU8)),0%) -> 0 | CX8: =CP8+CU8 -> 0 | CY8: =CQ8+CV8 -> 0 | CZ8: =CY8-CX8 -> 0 | DA8: =CX8/$G8 -> 0 | DB8: =CY8/$G8 -> 0 | DC8: 0 | DD8: 0 | DE8: 0 | DF8: =CX8+DC8 -> 0 | DG8: =CY8+DD8 -> 0 | DH8: =DG8-DF8 -> 0 | DI8: =DF8/$G8 -> 0 | DJ8: =DG8/$G8 -> 0 | DK8: 0 | DL8: 0 | DM8: =IFERROR(IF((DL8/DK8)>=1,100%,(DL8/DK8)),0%) -> 0 | DN8: =DF8+DK8 -> 0 | DO8: =DG8+DL8 -> 0 | DP8: =DO8-DN8 -> 0 | DQ8: =DN8/$G8 -> 0 | DR8: =DO8/$G8 -> 0
F9: 구현 | G9: 1 | H9: 1 | I9: =SUM(L9+T9+AB9+AJ9+AR9+AZ9+BH9+BP9+BX9+CF9+CN9+CV9+DD9+DL9+DT9+EB9+EJ9+ER9+EZ9+FI9+FR9+GB9+GL9+GV9+HF9+HP9+HZ9+IJ9+IT9+JD9+JN9+JX9+KH9+KR9+LB9+LL9+LV9+MF9+MP9+MZ9) -> 0 | J9: =IFERROR(IF((I9/H9)>=1,100%,(I9/H9)),0%) -> 0 | K9: 0 | L9: 0 | M9: =IFERROR(IF((L9/K9)>=1,100%,(L9/K9)),0%) -> 0 | N9: =+K9 -> 0 | O9: =+L9 -> 0 | P9: =O9-N9 -> 0 | Q9: =N9/$G9 -> 0 | R9: =O9/$G9 -> 0 | S9: 0 | T9: 0 | U9: =IFERROR(IF((T9/S9)>=1,100%,(T9/S9)),0%) -> 0 | V9: =N9+S9 -> 0 | W9: =O9+T9 -> 0 | X9: =W9-V9 -> 0 | Y9: =V9/$G9 -> 0 | Z9: =W9/$G9 -> 0 | AA9: 0 | AB9: 0 | AC9: =IFERROR(IF((AB9/AA9)>=1,100%,(AB9/AA9)),0%) -> 0 | AD9: =V9+AA9 -> 0 | AE9: =W9+AB9 -> 0 | AF9: =AE9-AD9 -> 0 | AG9: =AD9/$G9 -> 0 | AH9: =AE9/$G9 -> 0 | AI9: 0 | AJ9: 0 | AK9: =IFERROR(IF((AJ9/AI9)>=1,100%,(AJ9/AI9)),0%) -> 0 | AL9: =AD9+AI9 -> 0 | AM9: =AE9+AJ9 -> 0 | AN9: =AM9-AL9 -> 0 | AO9: =AL9/$G9 -> 0 | AP9: =AM9/$G9 -> 0 | AQ9: 0 | AR9: 0 | AS9: =IFERROR(IF((AR9/AQ9)>=1,100%,(AR9/AQ9)),0%) -> 0 | AT9: =AL9+AQ9 -> 0 | AU9: =AM9+AR9 -> 0 | AV9: =AU9-AT9 -> 0 | AW9: =AT9/$G9 -> 0 | AX9: =AU9/$G9 -> 0 | AY9: 0 | AZ9: 0 | BA9: =IFERROR(IF((AZ9/AY9)>=1,100%,(AZ9/AY9)),0%) -> 0 | BB9: =AT9+AY9 -> 0 | BC9: =AU9+AZ9 -> 0 | BD9: =BC9-BB9 -> 0 | BE9: =BB9/$G9 -> 0 | BF9: =BC9/$G9 -> 0 | BG9: 0 | BH9: 0 | BI9: =IFERROR(IF((BH9/BG9)>=1,100%,(BH9/BG9)),0%) -> 0 | BJ9: =BB9+BG9 -> 0 | BK9: =BC9+BH9 -> 0 | BL9: =BK9-BJ9 -> 0 | BM9: =BJ9/$G9 -> 0 | BN9: =BK9/$G9 -> 0 | BO9: 0 | BP9: 0 | BQ9: =IFERROR(IF((BP9/BO9)>=1,100%,(BP9/BO9)),0%) -> 0 | BR9: =BJ9+BO9 -> 0 | BS9: =BK9+BP9 -> 0 | BT9: =BS9-BR9 -> 0 | BU9: =BR9/$G9 -> 0 | BV9: =BS9/$G9 -> 0 | BW9: 0 | BX9: 0 | BY9: =IFERROR(IF((BX9/BW9)>=1,100%,(BX9/BW9)),0%) -> 0 | BZ9: =BR9+BW9 -> 0 | CA9: =BS9+BX9 -> 0 | CB9: =CA9-BZ9 -> 0 | CC9: =BZ9/$G9 -> 0 | CD9: =CA9/$G9 -> 0 | CE9: 0 | CF9: 0 | CG9: =IFERROR(IF((CF9/CE9)>=1,100%,(CF9/CE9)),0%) -> 0 | CH9: =BZ9+CE9 -> 0 | CI9: =CA9+CF9 -> 0 | CJ9: =CI9-CH9 -> 0 | CK9: =CH9/$G9 -> 0 | CL9: =CI9/$G9 -> 0 | CM9: 0 | CN9: 0 | CO9: =IFERROR(IF((CN9/CM9)>=1,100%,(CN9/CM9)),0%) -> 0 | CP9: =CH9+CM9 -> 0 | CQ9: =CI9+CN9 -> 0 | CR9: =CQ9-CP9 -> 0 | CS9: =CP9/$G9 -> 0 | CT9: =CQ9/$G9 -> 0 | CU9: 0 | CV9: 0 | CW9: =IFERROR(IF((CV9/CU9)>=1,100%,(CV9/CU9)),0%) -> 0 | CX9: =CP9+CU9 -> 0 | CY9: =CQ9+CV9 -> 0 | CZ9: =CY9-CX9 -> 0 | DA9: =CX9/$G9 -> 0 | DB9: =CY9/$G9 -> 0 | DC9: 0 | DD9: 0 | DE9: 0 | DF9: =CX9+DC9 -> 0 | DG9: =CY9+DD9 -> 0 | DH9: =DG9-DF9 -> 0 | DI9: =DF9/$G9 -> 0 | DJ9: =DG9/$G9 -> 0 | DK9: 0 | DL9: 0 | DM9: =IFERROR(IF((DL9/DK9)>=1,100%,(DL9/DK9)),0%) -> 0 | DN9: =DF9+DK9 -> 0 | DO9: =DG9+DL9 -> 0 | DP9: =DO9-DN9 -> 0 | DQ9: =DN9/$G9 -> 0 | DR9: =DO9/$G9 -> 0
F10: 테스트 | G10: 1 | H10: 1 | I10: =SUM(L10+T10+AB10+AJ10+AR10+AZ10+BH10+BP10+BX10+CF10+CN10+CV10+DD10+DL10+DT10+EB10+EJ10+ER10+EZ10+FI10+FR10+GB10+GL10+GV10+HF10+HP10+HZ10+IJ10+IT10+JD10+JN10+JX10+KH10+KR10+LB10+LL10+LV10+MF10+MP10+MZ10) -> 0 | J10: =IFERROR(IF((I10/H10)>=1,100%,(I10/H10)),0%) -> 0 | K10: 0 | L10: 0 | M10: =IFERROR(IF((L10/K10)>=1,100%,(L10/K10)),0%) -> 0 | N10: =+K10 -> 0 | O10: =+L10 -> 0 | P10: =O10-N10 -> 0 | Q10: =N10/$G10 -> 0 | R10: =O10/$G10 -> 0 | S10: 0 | T10: 0 | U10: =IFERROR(IF((T10/S10)>=1,100%,(T10/S10)),0%) -> 0 | V10: =N10+S10 -> 0 | W10: =O10+T10 -> 0 | X10: =W10-V10 -> 0 | Y10: =V10/$G10 -> 0 | Z10: =W10/$G10 -> 0 | AA10: 0 | AB10: 0 | AC10: =IFERROR(IF((AB10/AA10)>=1,100%,(AB10/AA10)),0%) -> 0 | AD10: =V10+AA10 -> 0 | AE10: =W10+AB10 -> 0 | AF10: =AE10-AD10 -> 0 | AG10: =AD10/$G10 -> 0 | AH10: =AE10/$G10 -> 0 | AI10: 0 | AJ10: 0 | AK10: =IFERROR(IF((AJ10/AI10)>=1,100%,(AJ10/AI10)),0%) -> 0 | AL10: =AD10+AI10 -> 0 | AM10: =AE10+AJ10 -> 0 | AN10: =AM10-AL10 -> 0 | AO10: =AL10/$G10 -> 0 | AP10: =AM10/$G10 -> 0 | AQ10: 0 | AR10: 0 | AS10: =IFERROR(IF((AR10/AQ10)>=1,100%,(AR10/AQ10)),0%) -> 0 | AT10: =AL10+AQ10 -> 0 | AU10: =AM10+AR10 -> 0 | AV10: =AU10-AT10 -> 0 | AW10: =AT10/$G10 -> 0 | AX10: =AU10/$G10 -> 0 | AY10: 0 | AZ10: 0 | BA10: =IFERROR(IF((AZ10/AY10)>=1,100%,(AZ10/AY10)),0%) -> 0 | BB10: =AT10+AY10 -> 0 | BC10: =AU10+AZ10 -> 0 | BD10: =BC10-BB10 -> 0 | BE10: =BB10/$G10 -> 0 | BF10: =BC10/$G10 -> 0 | BG10: 0 | BH10: 0 | BI10: =IFERROR(IF((BH10/BG10)>=1,100%,(BH10/BG10)),0%) -> 0 | BJ10: =BB10+BG10 -> 0 | BK10: =BC10+BH10 -> 0 | BL10: =BK10-BJ10 -> 0 | BM10: =BJ10/$G10 -> 0 | BN10: =BK10/$G10 -> 0 | BO10: 0 | BP10: 0 | BQ10: =IFERROR(IF((BP10/BO10)>=1,100%,(BP10/BO10)),0%) -> 0 | BR10: =BJ10+BO10 -> 0 | BS10: =BK10+BP10 -> 0 | BT10: =BS10-BR10 -> 0 | BU10: =BR10/$G10 -> 0 | BV10: =BS10/$G10 -> 0 | BW10: 0 | BX10: 0 | BY10: =IFERROR(IF((BX10/BW10)>=1,100%,(BX10/BW10)),0%) -> 0 | BZ10: =BR10+BW10 -> 0 | CA10: =BS10+BX10 -> 0 | CB10: =CA10-BZ10 -> 0 | CC10: =BZ10/$G10 -> 0 | CD10: =CA10/$G10 -> 0 | CE10: 0 | CF10: 0 | CG10: =IFERROR(IF((CF10/CE10)>=1,100%,(CF10/CE10)),0%) -> 0 | CH10: =BZ10+CE10 -> 0 | CI10: =CA10+CF10 -> 0 | CJ10: =CI10-CH10 -> 0 | CK10: =CH10/$G10 -> 0 | CL10: =CI10/$G10 -> 0 | CM10: 0 | CN10: 0 | CO10: =IFERROR(IF((CN10/CM10)>=1,100%,(CN10/CM10)),0%) -> 0 | CP10: =CH10+CM10 -> 0 | CQ10: =CI10+CN10 -> 0 | CR10: =CQ10-CP10 -> 0 | CS10: =CP10/$G10 -> 0 | CT10: =CQ10/$G10 -> 0 | CU10: 0 | CV10: 0 | CW10: =IFERROR(IF((CV10/CU10)>=1,100%,(CV10/CU10)),0%) -> 0 | CX10: =CP10+CU10 -> 0 | CY10: =CQ10+CV10 -> 0 | CZ10: =CY10-CX10 -> 0 | DA10: =CX10/$G10 -> 0 | DB10: =CY10/$G10 -> 0 | DC10: 0 | DD10: 0 | DE10: 0 | DF10: =CX10+DC10 -> 0 | DG10: =CY10+DD10 -> 0 | DH10: =DG10-DF10 -> 0 | DI10: =DF10/$G10 -> 0 | DJ10: =DG10/$G10 -> 0 | DK10: 0 | DL10: 0 | DM10: =IFERROR(IF((DL10/DK10)>=1,100%,(DL10/DK10)),0%) -> 0 | DN10: =DF10+DK10 -> 0 | DO10: =DG10+DL10 -> 0 | DP10: =DO10-DN10 -> 0 | DQ10: =DN10/$G10 -> 0 | DR10: =DO10/$G10 -> 0
C11: 커스터마이징 모델링 | D11: 사용자 커스터마이징 모델링 | F11: 설계 | G11: 1 | H11: 1 | I11: =SUM(L11+T11+AB11+AJ11+AR11+AZ11+BH11+BP11+BX11+CF11+CN11+CV11+DD11+DL11+DT11+EB11+EJ11+ER11+EZ11+FI11+FR11+GB11+GL11+GV11+HF11+HP11+HZ11+IJ11+IT11+JD11+JN11+JX11+KH11+KR11+LB11+LL11+LV11+MF11+MP11+MZ11) -> 0 | J11: =IFERROR(IF((I11/H11)>=1,100%,(I11/H11)),0%) -> 0 | K11: 0 | L11: 0 | M11: =IFERROR(IF((L11/K11)>=1,100%,(L11/K11)),0%) -> 0 | N11: =+K11 -> 0 | O11: =+L11 -> 0 | P11: =O11-N11 -> 0 | Q11: =N11/$G11 -> 0 | R11: =O11/$G11 -> 0 | S11: 0 | T11: 0 | U11: =IFERROR(IF((T11/S11)>=1,100%,(T11/S11)),0%) -> 0 | V11: =N11+S11 -> 0 | W11: =O11+T11 -> 0 | X11: =W11-V11 -> 0 | Y11: =V11/$G11 -> 0 | Z11: =W11/$G11 -> 0 | AA11: 0 | AB11: 0 | AC11: =IFERROR(IF((AB11/AA11)>=1,100%,(AB11/AA11)),0%) -> 0 | AD11: =V11+AA11 -> 0 | AE11: =W11+AB11 -> 0 | AF11: =AE11-AD11 -> 0 | AG11: =AD11/$G11 -> 0 | AH11: =AE11/$G11 -> 0 | AI11: 0 | AJ11: 0 | AK11: =IFERROR(IF((AJ11/AI11)>=1,100%,(AJ11/AI11)),0%) -> 0 | AL11: =AD11+AI11 -> 0 | AM11: =AE11+AJ11 -> 0 | AN11: =AM11-AL11 -> 0 | AO11: =AL11/$G11 -> 0 | AP11: =AM11/$G11 -> 0 | AQ11: 0 | AR11: 0 | AS11: =IFERROR(IF((AR11/AQ11)>=1,100%,(AR11/AQ11)),0%) -> 0 | AT11: =AL11+AQ11 -> 0 | AU11: =AM11+AR11 -> 0 | AV11: =AU11-AT11 -> 0 | AW11: =AT11/$G11 -> 0 | AX11: =AU11/$G11 -> 0 | AY11: 0 | AZ11: 0 | BA11: =IFERROR(IF((AZ11/AY11)>=1,100%,(AZ11/AY11)),0%) -> 0 | BB11: =AT11+AY11 -> 0 | BC11: =AU11+AZ11 -> 0 | BD11: =BC11-BB11 -> 0 | BE11: =BB11/$G11 -> 0 | BF11: =BC11/$G11 -> 0 | BG11: 0 | BH11: 0 | BI11: =IFERROR(IF((BH11/BG11)>=1,100%,(BH11/BG11)),0%) -> 0 | BJ11: =BB11+BG11 -> 0 | BK11: =BC11+BH11 -> 0 | BL11: =BK11-BJ11 -> 0 | BM11: =BJ11/$G11 -> 0 | BN11: =BK11/$G11 -> 0 | BO11: 0 | BP11: 0 | BQ11: =IFERROR(IF((BP11/BO11)>=1,100%,(BP11/BO11)),0%) -> 0 | BR11: =BJ11+BO11 -> 0 | BS11: =BK11+BP11 -> 0 | BT11: =BS11-BR11 -> 0 | BU11: =BR11/$G11 -> 0 | BV11: =BS11/$G11 -> 0 | BW11: 0 | BX11: 0 | BY11: =IFERROR(IF((BX11/BW11)>=1,100%,(BX11/BW11)),0%) -> 0 | BZ11: =BR11+BW11 -> 0 | CA11: =BS11+BX11 -> 0 | CB11: =CA11-BZ11 -> 0 | CC11: =BZ11/$G11 -> 0 | CD11: =CA11/$G11 -> 0 | CE11: 0 | CF11: 0 | CG11: =IFERROR(IF((CF11/CE11)>=1,100%,(CF11/CE11)),0%) -> 0 | CH11: =BZ11+CE11 -> 0 | CI11: =CA11+CF11 -> 0 | CJ11: =CI11-CH11 -> 0 | CK11: =CH11/$G11 -> 0 | CL11: =CI11/$G11 -> 0 | CM11: 0 | CN11: 0 | CO11: =IFERROR(IF((CN11/CM11)>=1,100%,(CN11/CM11)),0%) -> 0 | CP11: =CH11+CM11 -> 0 | CQ11: =CI11+CN11 -> 0 | CR11: =CQ11-CP11 -> 0 | CS11: =CP11/$G11 -> 0 | CT11: =CQ11/$G11 -> 0 | CU11: 0 | CV11: 0 | CW11: =IFERROR(IF((CV11/CU11)>=1,100%,(CV11/CU11)),0%) -> 0 | CX11: =CP11+CU11 -> 0 | CY11: =CQ11+CV11 -> 0 | CZ11: =CY11-CX11 -> 0 | DA11: =CX11/$G11 -> 0 | DB11: =CY11/$G11 -> 0 | DC11: 0 | DD11: 0 | DE11: 0 | DF11: =CX11+DC11 -> 0 | DG11: =CY11+DD11 -> 0 | DH11: =DG11-DF11 -> 0 | DI11: =DF11/$G11 -> 0 | DJ11: =DG11/$G11 -> 0 | DK11: 0 | DL11: 0 | DM11: =IFERROR(IF((DL11/DK11)>=1,100%,(DL11/DK11)),0%) -> 0 | DN11: =DF11+DK11 -> 0 | DO11: =DG11+DL11 -> 0 | DP11: =DO11-DN11 -> 0 | DQ11: =DN11/$G11 -> 0 | DR11: =DO11/$G11 -> 0
F12: 구현 | G12: 1 | H12: 1 | I12: =SUM(L12+T12+AB12+AJ12+AR12+AZ12+BH12+BP12+BX12+CF12+CN12+CV12+DD12+DL12+DT12+EB12+EJ12+ER12+EZ12+FI12+FR12+GB12+GL12+GV12+HF12+HP12+HZ12+IJ12+IT12+JD12+JN12+JX12+KH12+KR12+LB12+LL12+LV12+MF12+MP12+MZ12) -> 0 | J12: =IFERROR(IF((I12/H12)>=1,100%,(I12/H12)),0%) -> 0 | K12: 0 | L12: 0 | M12: =IFERROR(IF((L12/K12)>=1,100%,(L12/K12)),0%) -> 0 | N12: =+K12 -> 0 | O12: =+L12 -> 0 | P12: =O12-N12 -> 0 | Q12: =N12/$G12 -> 0 | R12: =O12/$G12 -> 0 | S12: 0 | T12: 0 | U12: =IFERROR(IF((T12/S12)>=1,100%,(T12/S12)),0%) -> 0 | V12: =N12+S12 -> 0 | W12: =O12+T12 -> 0 | X12: =W12-V12 -> 0 | Y12: =V12/$G12 -> 0 | Z12: =W12/$G12 -> 0 | AA12: 0 | AB12: 0 | AC12: =IFERROR(IF((AB12/AA12)>=1,100%,(AB12/AA12)),0%) -> 0 | AD12: =V12+AA12 -> 0 | AE12: =W12+AB12 -> 0 | AF12: =AE12-AD12 -> 0 | AG12: =AD12/$G12 -> 0 | AH12: =AE12/$G12 -> 0 | AI12: 0 | AJ12: 0 | AK12: =IFERROR(IF((AJ12/AI12)>=1,100%,(AJ12/AI12)),0%) -> 0 | AL12: =AD12+AI12 -> 0 | AM12: =AE12+AJ12 -> 0 | AN12: =AM12-AL12 -> 0 | AO12: =AL12/$G12 -> 0 | AP12: =AM12/$G12 -> 0 | AQ12: 0 | AR12: 0 | AS12: =IFERROR(IF((AR12/AQ12)>=1,100%,(AR12/AQ12)),0%) -> 0 | AT12: =AL12+AQ12 -> 0 | AU12: =AM12+AR12 -> 0 | AV12: =AU12-AT12 -> 0 | AW12: =AT12/$G12 -> 0 | AX12: =AU12/$G12 -> 0 | AY12: 0 | AZ12: 0 | BA12: =IFERROR(IF((AZ12/AY12)>=1,100%,(AZ12/AY12)),0%) -> 0 | BB12: =AT12+AY12 -> 0 | BC12: =AU12+AZ12 -> 0 | BD12: =BC12-BB12 -> 0 | BE12: =BB12/$G12 -> 0 | BF12: =BC12/$G12 -> 0 | BG12: 0 | BH12: 0 | BI12: =IFERROR(IF((BH12/BG12)>=1,100%,(BH12/BG12)),0%) -> 0 | BJ12: =BB12+BG12 -> 0 | BK12: =BC12+BH12 -> 0 | BL12: =BK12-BJ12 -> 0 | BM12: =BJ12/$G12 -> 0 | BN12: =BK12/$G12 -> 0 | BO12: 0 | BP12: 0 | BQ12: =IFERROR(IF((BP12/BO12)>=1,100%,(BP12/BO12)),0%) -> 0 | BR12: =BJ12+BO12 -> 0 | BS12: =BK12+BP12 -> 0 | BT12: =BS12-BR12 -> 0 | BU12: =BR12/$G12 -> 0 | BV12: =BS12/$G12 -> 0 | BW12: 0 | BX12: 0 | BY12: =IFERROR(IF((BX12/BW12)>=1,100%,(BX12/BW12)),0%) -> 0 | BZ12: =BR12+BW12 -> 0 | CA12: =BS12+BX12 -> 0 | CB12: =CA12-BZ12 -> 0 | CC12: =BZ12/$G12 -> 0 | CD12: =CA12/$G12 -> 0 | CE12: 0 | CF12: 0 | CG12: =IFERROR(IF((CF12/CE12)>=1,100%,(CF12/CE12)),0%) -> 0 | CH12: =BZ12+CE12 -> 0 | CI12: =CA12+CF12 -> 0 | CJ12: =CI12-CH12 -> 0 | CK12: =CH12/$G12 -> 0 | CL12: =CI12/$G12 -> 0 | CM12: 0 | CN12: 0 | CO12: =IFERROR(IF((CN12/CM12)>=1,100%,(CN12/CM12)),0%) -> 0 | CP12: =CH12+CM12 -> 0 | CQ12: =CI12+CN12 -> 0 | CR12: =CQ12-CP12 -> 0 | CS12: =CP12/$G12 -> 0 | CT12: =CQ12/$G12 -> 0 | CU12: 0 | CV12: 0 | CW12: =IFERROR(IF((CV12/CU12)>=1,100%,(CV12/CU12)),0%) -> 0 | CX12: =CP12+CU12 -> 0 | CY12: =CQ12+CV12 -> 0 | CZ12: =CY12-CX12 -> 0 | DA12: =CX12/$G12 -> 0 | DB12: =CY12/$G12 -> 0 | DC12: 0 | DD12: 0 | DE12: 0 | DF12: =CX12+DC12 -> 0 | DG12: =CY12+DD12 -> 0 | DH12: =DG12-DF12 -> 0 | DI12: =DF12/$G12 -> 0 | DJ12: =DG12/$G12 -> 0 | DK12: 0 | DL12: 0 | DM12: =IFERROR(IF((DL12/DK12)>=1,100%,(DL12/DK12)),0%) -> 0 | DN12: =DF12+DK12 -> 0 | DO12: =DG12+DL12 -> 0 | DP12: =DO12-DN12 -> 0 | DQ12: =DN12/$G12 -> 0 | DR12: =DO12/$G12 -> 0
F13: 테스트 | G13: 1 | H13: 1 | I13: =SUM(L13+T13+AB13+AJ13+AR13+AZ13+BH13+BP13+BX13+CF13+CN13+CV13+DD13+DL13+DT13+EB13+EJ13+ER13+EZ13+FI13+FR13+GB13+GL13+GV13+HF13+HP13+HZ13+IJ13+IT13+JD13+JN13+JX13+KH13+KR13+LB13+LL13+LV13+MF13+MP13+MZ13) -> 0 | J13: =IFERROR(IF((I13/H13)>=1,100%,(I13/H13)),0%) -> 0 | K13: 0 | L13: 0 | M13: =IFERROR(IF((L13/K13)>=1,100%,(L13/K13)),0%) -> 0 | N13: =+K13 -> 0 | O13: =+L13 -> 0 | P13: =O13-N13 -> 0 | Q13: =N13/$G13 -> 0 | R13: =O13/$G13 -> 0 | S13: 0 | T13: 0 | U13: =IFERROR(IF((T13/S13)>=1,100%,(T13/S13)),0%) -> 0 | V13: =N13+S13 -> 0 | W13: =O13+T13 -> 0 | X13: =W13-V13 -> 0 | Y13: =V13/$G13 -> 0 | Z13: =W13/$G13 -> 0 | AA13: 0 | AB13: 0 | AC13: =IFERROR(IF((AB13/AA13)>=1,100%,(AB13/AA13)),0%) -> 0 | AD13: =V13+AA13 -> 0 | AE13: =W13+AB13 -> 0 | AF13: =AE13-AD13 -> 0 | AG13: =AD13/$G13 -> 0 | AH13: =AE13/$G13 -> 0 | AI13: 0 | AJ13: 0 | AK13: =IFERROR(IF((AJ13/AI13)>=1,100%,(AJ13/AI13)),0%) -> 0 | AL13: =AD13+AI13 -> 0 | AM13: =AE13+AJ13 -> 0 | AN13: =AM13-AL13 -> 0 | AO13: =AL13/$G13 -> 0 | AP13: =AM13/$G13 -> 0 | AQ13: 0 | AR13: 0 | AS13: =IFERROR(IF((AR13/AQ13)>=1,100%,(AR13/AQ13)),0%) -> 0 | AT13: =AL13+AQ13 -> 0 | AU13: =AM13+AR13 -> 0 | AV13: =AU13-AT13 -> 0 | AW13: =AT13/$G13 -> 0 | AX13: =AU13/$G13 -> 0 | AY13: 0 | AZ13: 0 | BA13: =IFERROR(IF((AZ13/AY13)>=1,100%,(AZ13/AY13)),0%) -> 0 | BB13: =AT13+AY13 -> 0 | BC13: =AU13+AZ13 -> 0 | BD13: =BC13-BB13 -> 0 | BE13: =BB13/$G13 -> 0 | BF13: =BC13/$G13 -> 0 | BG13: 0 | BH13: 0 | BI13: =IFERROR(IF((BH13/BG13)>=1,100%,(BH13/BG13)),0%) -> 0 | BJ13: =BB13+BG13 -> 0 | BK13: =BC13+BH13 -> 0 | BL13: =BK13-BJ13 -> 0 | BM13: =BJ13/$G13 -> 0 | BN13: =BK13/$G13 -> 0 | BO13: 0 | BP13: 0 | BQ13: =IFERROR(IF((BP13/BO13)>=1,100%,(BP13/BO13)),0%) -> 0 | BR13: =BJ13+BO13 -> 0 | BS13: =BK13+BP13 -> 0 | BT13: =BS13-BR13 -> 0 | BU13: =BR13/$G13 -> 0 | BV13: =BS13/$G13 -> 0 | BW13: 0 | BX13: 0 | BY13: =IFERROR(IF((BX13/BW13)>=1,100%,(BX13/BW13)),0%) -> 0 | BZ13: =BR13+BW13 -> 0 | CA13: =BS13+BX13 -> 0 | CB13: =CA13-BZ13 -> 0 | CC13: =BZ13/$G13 -> 0 | CD13: =CA13/$G13 -> 0 | CE13: 0 | CF13: 0 | CG13: =IFERROR(IF((CF13/CE13)>=1,100%,(CF13/CE13)),0%) -> 0 | CH13: =BZ13+CE13 -> 0 | CI13: =CA13+CF13 -> 0 | CJ13: =CI13-CH13 -> 0 | CK13: =CH13/$G13 -> 0 | CL13: =CI13/$G13 -> 0 | CM13: 0 | CN13: 0 | CO13: =IFERROR(IF((CN13/CM13)>=1,100%,(CN13/CM13)),0%) -> 0 | CP13: =CH13+CM13 -> 0 | CQ13: =CI13+CN13 -> 0 | CR13: =CQ13-CP13 -> 0 | CS13: =CP13/$G13 -> 0 | CT13: =CQ13/$G13 -> 0 | CU13: 0 | CV13: 0 | CW13: =IFERROR(IF((CV13/CU13)>=1,100%,(CV13/CU13)),0%) -> 0 | CX13: =CP13+CU13 -> 0 | CY13: =CQ13+CV13 -> 0 | CZ13: =CY13-CX13 -> 0 | DA13: =CX13/$G13 -> 0 | DB13: =CY13/$G13 -> 0 | DC13: 0 | DD13: 0 | DE13: 0 | DF13: =CX13+DC13 -> 0 | DG13: =CY13+DD13 -> 0 | DH13: =DG13-DF13 -> 0 | DI13: =DF13/$G13 -> 0 | DJ13: =DG13/$G13 -> 0 | DK13: 0 | DL13: 0 | DM13: =IFERROR(IF((DL13/DK13)>=1,100%,(DL13/DK13)),0%) -> 0 | DN13: =DF13+DK13 -> 0 | DO13: =DG13+DL13 -> 0 | DP13: =DO13-DN13 -> 0 | DQ13: =DN13/$G13 -> 0 | DR13: =DO13/$G13 -> 0
B14: VR메타버스 | C14: 도시탐색 | D14: 건물위치 및 인터렉티브 기즈모 배치 | F14: 설계 | G14: 1 | H14: 1 | I14: =SUM(L14+T14+AB14+AJ14+AR14+AZ14+BH14+BP14+BX14+CF14+CN14+CV14+DD14+DL14+DT14+EB14+EJ14+ER14+EZ14+FI14+FR14+GB14+GL14+GV14+HF14+HP14+HZ14+IJ14+IT14+JD14+JN14+JX14+KH14+KR14+LB14+LL14+LV14+MF14+MP14+MZ14) -> 0 | J14: =IFERROR(IF((I14/H14)>=1,100%,(I14/H14)),0%) -> 0 | K14: 0 | L14: 0 | M14: =IFERROR(IF((L14/K14)>=1,100%,(L14/K14)),0%) -> 0 | N14: =+K14 -> 0 | O14: =+L14 -> 0 | P14: =O14-N14 -> 0 | Q14: =N14/$G14 -> 0 | R14: =O14/$G14 -> 0 | S14: 0 | T14: 0 | U14: =IFERROR(IF((T14/S14)>=1,100%,(T14/S14)),0%) -> 0 | V14: =N14+S14 -> 0 | W14: =O14+T14 -> 0 | X14: =W14-V14 -> 0 | Y14: =V14/$G14 -> 0 | Z14: =W14/$G14 -> 0 | AA14: 0 | AB14: 0 | AC14: =IFERROR(IF((AB14/AA14)>=1,100%,(AB14/AA14)),0%) -> 0 | AD14: =V14+AA14 -> 0 | AE14: =W14+AB14 -> 0 | AF14: =AE14-AD14 -> 0 | AG14: =AD14/$G14 -> 0 | AH14: =AE14/$G14 -> 0 | AI14: 0 | AJ14: 0 | AK14: =IFERROR(IF((AJ14/AI14)>=1,100%,(AJ14/AI14)),0%) -> 0 | AL14: =AD14+AI14 -> 0 | AM14: =AE14+AJ14 -> 0 | AN14: =AM14-AL14 -> 0 | AO14: =AL14/$G14 -> 0 | AP14: =AM14/$G14 -> 0 | AQ14: 0 | AR14: 0 | AS14: =IFERROR(IF((AR14/AQ14)>=1,100%,(AR14/AQ14)),0%) -> 0 | AT14: =AL14+AQ14 -> 0 | AU14: =AM14+AR14 -> 0 | AV14: =AU14-AT14 -> 0 | AW14: =AT14/$G14 -> 0 | AX14: =AU14/$G14 -> 0 | AY14: 0 | AZ14: 0 | BA14: =IFERROR(IF((AZ14/AY14)>=1,100%,(AZ14/AY14)),0%) -> 0 | BB14: =AT14+AY14 -> 0 | BC14: =AU14+AZ14 -> 0 | BD14: =BC14-BB14 -> 0 | BE14: =BB14/$G14 -> 0 | BF14: =BC14/$G14 -> 0 | BG14: 0 | BH14: 0 | BI14: =IFERROR(IF((BH14/BG14)>=1,100%,(BH14/BG14)),0%) -> 0 | BJ14: =BB14+BG14 -> 0 | BK14: =BC14+BH14 -> 0 | BL14: =BK14-BJ14 -> 0 | BM14: =BJ14/$G14 -> 0 | BN14: =BK14/$G14 -> 0 | BO14: 0 | BP14: 0 | BQ14: =IFERROR(IF((BP14/BO14)>=1,100%,(BP14/BO14)),0%) -> 0 | BR14: =BJ14+BO14 -> 0 | BS14: =BK14+BP14 -> 0 | BT14: =BS14-BR14 -> 0 | BU14: =BR14/$G14 -> 0 | BV14: =BS14/$G14 -> 0 | BW14: 0 | BX14: 0 | BY14: =IFERROR(IF((BX14/BW14)>=1,100%,(BX14/BW14)),0%) -> 0 | BZ14: =BR14+BW14 -> 0 | CA14: =BS14+BX14 -> 0 | CB14: =CA14-BZ14 -> 0 | CC14: =BZ14/$G14 -> 0 | CD14: =CA14/$G14 -> 0 | CE14: 0 | CF14: 0 | CG14: =IFERROR(IF((CF14/CE14)>=1,100%,(CF14/CE14)),0%) -> 0 | CH14: =BZ14+CE14 -> 0 | CI14: =CA14+CF14 -> 0 | CJ14: =CI14-CH14 -> 0 | CK14: =CH14/$G14 -> 0 | CL14: =CI14/$G14 -> 0 | CM14: 0 | CN14: 0 | CO14: =IFERROR(IF((CN14/CM14)>=1,100%,(CN14/CM14)),0%) -> 0 | CP14: =CH14+CM14 -> 0 | CQ14: =CI14+CN14 -> 0 | CR14: =CQ14-CP14 -> 0 | CS14: =CP14/$G14 -> 0 | CT14: =CQ14/$G14 -> 0 | CU14: 0 | CV14: 0 | CW14: =IFERROR(IF((CV14/CU14)>=1,100%,(CV14/CU14)),0%) -> 0 | CX14: =CP14+CU14 -> 0 | CY14: =CQ14+CV14 -> 0 | CZ14: =CY14-CX14 -> 0 | DA14: =CX14/$G14 -> 0 | DB14: =CY14/$G14 -> 0 | DC14: 0 | DD14: 0 | DE14: 0 | DF14: =CX14+DC14 -> 0 | DG14: =CY14+DD14 -> 0 | DH14: =DG14-DF14 -> 0 | DI14: =DF14/$G14 -> 0 | DJ14: =DG14/$G14 -> 0 | DK14: 0 | DL14: 0 | DM14: =IFERROR(IF((DL14/DK14)>=1,100%,(DL14/DK14)),0%) -> 0 | DN14: =DF14+DK14 -> 0 | DO14: =DG14+DL14 -> 0 | DP14: =DO14-DN14 -> 0 | DQ14: =DN14/$G14 -> 0 | DR14: =DO14/$G14 -> 0
F15: 구현 | G15: 1 | H15: 1 | I15: =SUM(L15+T15+AB15+AJ15+AR15+AZ15+BH15+BP15+BX15+CF15+CN15+CV15+DD15+DL15+DT15+EB15+EJ15+ER15+EZ15+FI15+FR15+GB15+GL15+GV15+HF15+HP15+HZ15+IJ15+IT15+JD15+JN15+JX15+KH15+KR15+LB15+LL15+LV15+MF15+MP15+MZ15) -> 0 | J15: =IFERROR(IF((I15/H15)>=1,100%,(I15/H15)),0%) -> 0 | K15: 0 | L15: 0 | M15: =IFERROR(IF((L15/K15)>=1,100%,(L15/K15)),0%) -> 0 | N15: =+K15 -> 0 | O15: =+L15 -> 0 | P15: =O15-N15 -> 0 | Q15: =N15/$G15 -> 0 | R15: =O15/$G15 -> 0 | S15: 0 | T15: 0 | U15: =IFERROR(IF((T15/S15)>=1,100%,(T15/S15)),0%) -> 0 | V15: =N15+S15 -> 0 | W15: =O15+T15 -> 0 | X15: =W15-V15 -> 0 | Y15: =V15/$G15 -> 0 | Z15: =W15/$G15 -> 0 | AA15: 0 | AB15: 0 | AC15: =IFERROR(IF((AB15/AA15)>=1,100%,(AB15/AA15)),0%) -> 0 | AD15: =V15+AA15 -> 0 | AE15: =W15+AB15 -> 0 | AF15: =AE15-AD15 -> 0 | AG15: =AD15/$G15 -> 0 | AH15: =AE15/$G15 -> 0 | AI15: 0 | AJ15: 0 | AK15: =IFERROR(IF((AJ15/AI15)>=1,100%,(AJ15/AI15)),0%) -> 0 | AL15: =AD15+AI15 -> 0 | AM15: =AE15+AJ15 -> 0 | AN15: =AM15-AL15 -> 0 | AO15: =AL15/$G15 -> 0 | AP15: =AM15/$G15 -> 0 | AQ15: 0 | AR15: 0 | AS15: =IFERROR(IF((AR15/AQ15)>=1,100%,(AR15/AQ15)),0%) -> 0 | AT15: =AL15+AQ15 -> 0 | AU15: =AM15+AR15 -> 0 | AV15: =AU15-AT15 -> 0 | AW15: =AT15/$G15 -> 0 | AX15: =AU15/$G15 -> 0 | AY15: 0 | AZ15: 0 | BA15: =IFERROR(IF((AZ15/AY15)>=1,100%,(AZ15/AY15)),0%) -> 0 | BB15: =AT15+AY15 -> 0 | BC15: =AU15+AZ15 -> 0 | BD15: =BC15-BB15 -> 0 | BE15: =BB15/$G15 -> 0 | BF15: =BC15/$G15 -> 0 | BG15: 0 | BH15: 0 | BI15: =IFERROR(IF((BH15/BG15)>=1,100%,(BH15/BG15)),0%) -> 0 | BJ15: =BB15+BG15 -> 0 | BK15: =BC15+BH15 -> 0 | BL15: =BK15-BJ15 -> 0 | BM15: =BJ15/$G15 -> 0 | BN15: =BK15/$G15 -> 0 | BO15: 0 | BP15: 0 | BQ15: =IFERROR(IF((BP15/BO15)>=1,100%,(BP15/BO15)),0%) -> 0 | BR15: =BJ15+BO15 -> 0 | BS15: =BK15+BP15 -> 0 | BT15: =BS15-BR15 -> 0 | BU15: =BR15/$G15 -> 0 | BV15: =BS15/$G15 -> 0 | BW15: 0 | BX15: 0 | BY15: =IFERROR(IF((BX15/BW15)>=1,100%,(BX15/BW15)),0%) -> 0 | BZ15: =BR15+BW15 -> 0 | CA15: =BS15+BX15 -> 0 | CB15: =CA15-BZ15 -> 0 | CC15: =BZ15/$G15 -> 0 | CD15: =CA15/$G15 -> 0 | CE15: 0 | CF15: 0 | CG15: =IFERROR(IF((CF15/CE15)>=1,100%,(CF15/CE15)),0%) -> 0 | CH15: =BZ15+CE15 -> 0 | CI15: =CA15+CF15 -> 0 | CJ15: =CI15-CH15 -> 0 | CK15: =CH15/$G15 -> 0 | CL15: =CI15/$G15 -> 0 | CM15: 0 | CN15: 0 | CO15: =IFERROR(IF((CN15/CM15)>=1,100%,(CN15/CM15)),0%) -> 0 | CP15: =CH15+CM15 -> 0 | CQ15: =CI15+CN15 -> 0 | CR15: =CQ15-CP15 -> 0 | CS15: =CP15/$G15 -> 0 | CT15: =CQ15/$G15 -> 0 | CU15: 0 | CV15: 0 | CW15: =IFERROR(IF((CV15/CU15)>=1,100%,(CV15/CU15)),0%) -> 0 | CX15: =CP15+CU15 -> 0 | CY15: =CQ15+CV15 -> 0 | CZ15: =CY15-CX15 -> 0 | DA15: =CX15/$G15 -> 0 | DB15: =CY15/$G15 -> 0 | DC15: 0 | DD15: 0 | DE15: 0 | DF15: =CX15+DC15 -> 0 | DG15: =CY15+DD15 -> 0 | DH15: =DG15-DF15 -> 0 | DI15: =DF15/$G15 -> 0 | DJ15: =DG15/$G15 -> 0 | DK15: 0 | DL15: 0 | DM15: =IFERROR(IF((DL15/DK15)>=1,100%,(DL15/DK15)),0%) -> 0 | DN15: =DF15+DK15 -> 0 | DO15: =DG15+DL15 -> 0 | DP15: =DO15-DN15 -> 0 | DQ15: =DN15/$G15 -> 0 | DR15: =DO15/$G15 -> 0
F16: 테스트 | G16: 1 | H16: 1 | I16: =SUM(L16+T16+AB16+AJ16+AR16+AZ16+BH16+BP16+BX16+CF16+CN16+CV16+DD16+DL16+DT16+EB16+EJ16+ER16+EZ16+FI16+FR16+GB16+GL16+GV16+HF16+HP16+HZ16+IJ16+IT16+JD16+JN16+JX16+KH16+KR16+LB16+LL16+LV16+MF16+MP16+MZ16) -> 0 | J16: =IFERROR(IF((I16/H16)>=1,100%,(I16/H16)),0%) -> 0 | K16: 0 | L16: 0 | M16: =IFERROR(IF((L16/K16)>=1,100%,(L16/K16)),0%) -> 0 | N16: =+K16 -> 0 | O16: =+L16 -> 0 | P16: =O16-N16 -> 0 | Q16: =N16/$G16 -> 0 | R16: =O16/$G16 -> 0 | S16: 0 | T16: 0 | U16: =IFERROR(IF((T16/S16)>=1,100%,(T16/S16)),0%) -> 0 | V16: =N16+S16 -> 0 | W16: =O16+T16 -> 0 | X16: =W16-V16 -> 0 | Y16: =V16/$G16 -> 0 | Z16: =W16/$G16 -> 0 | AA16: 0 | AB16: 0 | AC16: =IFERROR(IF((AB16/AA16)>=1,100%,(AB16/AA16)),0%) -> 0 | AD16: =V16+AA16 -> 0 | AE16: =W16+AB16 -> 0 | AF16: =AE16-AD16 -> 0 | AG16: =AD16/$G16 -> 0 | AH16: =AE16/$G16 -> 0 | AI16: 0 | AJ16: 0 | AK16: =IFERROR(IF((AJ16/AI16)>=1,100%,(AJ16/AI16)),0%) -> 0 | AL16: =AD16+AI16 -> 0 | AM16: =AE16+AJ16 -> 0 | AN16: =AM16-AL16 -> 0 | AO16: =AL16/$G16 -> 0 | AP16: =AM16/$G16 -> 0 | AQ16: 0 | AR16: 0 | AS16: =IFERROR(IF((AR16/AQ16)>=1,100%,(AR16/AQ16)),0%) -> 0 | AT16: =AL16+AQ16 -> 0 | AU16: =AM16+AR16 -> 0 | AV16: =AU16-AT16 -> 0 | AW16: =AT16/$G16 -> 0 | AX16: =AU16/$G16 -> 0 | AY16: 0 | AZ16: 0 | BA16: =IFERROR(IF((AZ16/AY16)>=1,100%,(AZ16/AY16)),0%) -> 0 | BB16: =AT16+AY16 -> 0 | BC16: =AU16+AZ16 -> 0 | BD16: =BC16-BB16 -> 0 | BE16: =BB16/$G16 -> 0 | BF16: =BC16/$G16 -> 0 | BG16: 0 | BH16: 0 | BI16: =IFERROR(IF((BH16/BG16)>=1,100%,(BH16/BG16)),0%) -> 0 | BJ16: =BB16+BG16 -> 0 | BK16: =BC16+BH16 -> 0 | BL16: =BK16-BJ16 -> 0 | BM16: =BJ16/$G16 -> 0 | BN16: =BK16/$G16 -> 0 | BO16: 0 | BP16: 0 | BQ16: =IFERROR(IF((BP16/BO16)>=1,100%,(BP16/BO16)),0%) -> 0 | BR16: =BJ16+BO16 -> 0 | BS16: =BK16+BP16 -> 0 | BT16: =BS16-BR16 -> 0 | BU16: =BR16/$G16 -> 0 | BV16: =BS16/$G16 -> 0 | BW16: 0 | BX16: 0 | BY16: =IFERROR(IF((BX16/BW16)>=1,100%,(BX16/BW16)),0%) -> 0 | BZ16: =BR16+BW16 -> 0 | CA16: =BS16+BX16 -> 0 | CB16: =CA16-BZ16 -> 0 | CC16: =BZ16/$G16 -> 0 | CD16: =CA16/$G16 -> 0 | CE16: 0 | CF16: 0 | CG16: =IFERROR(IF((CF16/CE16)>=1,100%,(CF16/CE16)),0%) -> 0 | CH16: =BZ16+CE16 -> 0 | CI16: =CA16+CF16 -> 0 | CJ16: =CI16-CH16 -> 0 | CK16: =CH16/$G16 -> 0 | CL16: =CI16/$G16 -> 0 | CM16: 0 | CN16: 0 | CO16: =IFERROR(IF((CN16/CM16)>=1,100%,(CN16/CM16)),0%) -> 0 | CP16: =CH16+CM16 -> 0 | CQ16: =CI16+CN16 -> 0 | CR16: =CQ16-CP16 -> 0 | CS16: =CP16/$G16 -> 0 | CT16: =CQ16/$G16 -> 0 | CU16: 0 | CV16: 0 | CW16: =IFERROR(IF((CV16/CU16)>=1,100%,(CV16/CU16)),0%) -> 0 | CX16: =CP16+CU16 -> 0 | CY16: =CQ16+CV16 -> 0 | CZ16: =CY16-CX16 -> 0 | DA16: =CX16/$G16 -> 0 | DB16: =CY16/$G16 -> 0 | DC16: 0 | DD16: 0 | DE16: 0 | DF16: =CX16+DC16 -> 0 | DG16: =CY16+DD16 -> 0 | DH16: =DG16-DF16 -> 0 | DI16: =DF16/$G16 -> 0 | DJ16: =DG16/$G16 -> 0 | DK16: 0 | DL16: 0 | DM16: =IFERROR(IF((DL16/DK16)>=1,100%,(DL16/DK16)),0%) -> 0 | DN16: =DF16+DK16 -> 0 | DO16: =DG16+DL16 -> 0 | DP16: =DO16-DN16 -> 0 | DQ16: =DN16/$G16 -> 0 | DR16: =DO16/$G16 -> 0
C17: 아바타속도조절 | D17: 아바타 속도조절 | F17: 설계 | G17: 1 | H17: 1 | I17: =SUM(L17+T17+AB17+AJ17+AR17+AZ17+BH17+BP17+BX17+CF17+CN17+CV17+DD17+DL17+DT17+EB17+EJ17+ER17+EZ17+FI17+FR17+GB17+GL17+GV17+HF17+HP17+HZ17+IJ17+IT17+JD17+JN17+JX17+KH17+KR17+LB17+LL17+LV17+MF17+MP17+MZ17) -> 0 | J17: =IFERROR(IF((I17/H17)>=1,100%,(I17/H17)),0%) -> 0 | K17: 0 | L17: 0 | M17: =IFERROR(IF((L17/K17)>=1,100%,(L17/K17)),0%) -> 0 | N17: =+K17 -> 0 | O17: =+L17 -> 0 | P17: =O17-N17 -> 0 | Q17: =N17/$G17 -> 0 | R17: =O17/$G17 -> 0 | S17: 0 | T17: 0 | U17: =IFERROR(IF((T17/S17)>=1,100%,(T17/S17)),0%) -> 0 | V17: =N17+S17 -> 0 | W17: =O17+T17 -> 0 | X17: =W17-V17 -> 0 | Y17: =V17/$G17 -> 0 | Z17: =W17/$G17 -> 0 | AA17: 0 | AB17: 0 | AC17: =IFERROR(IF((AB17/AA17)>=1,100%,(AB17/AA17)),0%) -> 0 | AD17: =V17+AA17 -> 0 | AE17: =W17+AB17 -> 0 | AF17: =AE17-AD17 -> 0 | AG17: =AD17/$G17 -> 0 | AH17: =AE17/$G17 -> 0 | AI17: 0 | AJ17: 0 | AK17: =IFERROR(IF((AJ17/AI17)>=1,100%,(AJ17/AI17)),0%) -> 0 | AL17: =AD17+AI17 -> 0 | AM17: =AE17+AJ17 -> 0 | AN17: =AM17-AL17 -> 0 | AO17: =AL17/$G17 -> 0 | AP17: =AM17/$G17 -> 0 | AQ17: 0 | AR17: 0 | AS17: =IFERROR(IF((AR17/AQ17)>=1,100%,(AR17/AQ17)),0%) -> 0 | AT17: =AL17+AQ17 -> 0 | AU17: =AM17+AR17 -> 0 | AV17: =AU17-AT17 -> 0 | AW17: =AT17/$G17 -> 0 | AX17: =AU17/$G17 -> 0 | AY17: 0 | AZ17: 0 | BA17: =IFERROR(IF((AZ17/AY17)>=1,100%,(AZ17/AY17)),0%) -> 0 | BB17: =AT17+AY17 -> 0 | BC17: =AU17+AZ17 -> 0 | BD17: =BC17-BB17 -> 0 | BE17: =BB17/$G17 -> 0 | BF17: =BC17/$G17 -> 0 | BG17: 0 | BH17: 0 | BI17: =IFERROR(IF((BH17/BG17)>=1,100%,(BH17/BG17)),0%) -> 0 | BJ17: =BB17+BG17 -> 0 | BK17: =BC17+BH17 -> 0 | BL17: =BK17-BJ17 -> 0 | BM17: =BJ17/$G17 -> 0 | BN17: =BK17/$G17 -> 0 | BO17: 0 | BP17: 0 | BQ17: =IFERROR(IF((BP17/BO17)>=1,100%,(BP17/BO17)),0%) -> 0 | BR17: =BJ17+BO17 -> 0 | BS17: =BK17+BP17 -> 0 | BT17: =BS17-BR17 -> 0 | BU17: =BR17/$G17 -> 0 | BV17: =BS17/$G17 -> 0 | BW17: 0 | BX17: 0 | BY17: =IFERROR(IF((BX17/BW17)>=1,100%,(BX17/BW17)),0%) -> 0 | BZ17: =BR17+BW17 -> 0 | CA17: =BS17+BX17 -> 0 | CB17: =CA17-BZ17 -> 0 | CC17: =BZ17/$G17 -> 0 | CD17: =CA17/$G17 -> 0 | CE17: 0 | CF17: 0 | CG17: =IFERROR(IF((CF17/CE17)>=1,100%,(CF17/CE17)),0%) -> 0 | CH17: =BZ17+CE17 -> 0 | CI17: =CA17+CF17 -> 0 | CJ17: =CI17-CH17 -> 0 | CK17: =CH17/$G17 -> 0 | CL17: =CI17/$G17 -> 0 | CM17: 0 | CN17: 0 | CO17: =IFERROR(IF((CN17/CM17)>=1,100%,(CN17/CM17)),0%) -> 0 | CP17: =CH17+CM17 -> 0 | CQ17: =CI17+CN17 -> 0 | CR17: =CQ17-CP17 -> 0 | CS17: =CP17/$G17 -> 0 | CT17: =CQ17/$G17 -> 0 | CU17: 0 | CV17: 0 | CW17: =IFERROR(IF((CV17/CU17)>=1,100%,(CV17/CU17)),0%) -> 0 | CX17: =CP17+CU17 -> 0 | CY17: =CQ17+CV17 -> 0 | CZ17: =CY17-CX17 -> 0 | DA17: =CX17/$G17 -> 0 | DB17: =CY17/$G17 -> 0 | DC17: 0 | DD17: 0 | DE17: 0 | DF17: =CX17+DC17 -> 0 | DG17: =CY17+DD17 -> 0 | DH17: =DG17-DF17 -> 0 | DI17: =DF17/$G17 -> 0 | DJ17: =DG17/$G17 -> 0 | DK17: 0 | DL17: 0 | DM17: =IFERROR(IF((DL17/DK17)>=1,100%,(DL17/DK17)),0%) -> 0 | DN17: =DF17+DK17 -> 0 | DO17: =DG17+DL17 -> 0 | DP17: =DO17-DN17 -> 0 | DQ17: =DN17/$G17 -> 0 | DR17: =DO17/$G17 -> 0
F18: 구현 | G18: 1 | H18: 1 | I18: =SUM(L18+T18+AB18+AJ18+AR18+AZ18+BH18+BP18+BX18+CF18+CN18+CV18+DD18+DL18+DT18+EB18+EJ18+ER18+EZ18+FI18+FR18+GB18+GL18+GV18+HF18+HP18+HZ18+IJ18+IT18+JD18+JN18+JX18+KH18+KR18+LB18+LL18+LV18+MF18+MP18+MZ18) -> 0 | J18: =IFERROR(IF((I18/H18)>=1,100%,(I18/H18)),0%) -> 0 | K18: 0 | L18: 0 | M18: =IFERROR(IF((L18/K18)>=1,100%,(L18/K18)),0%) -> 0 | N18: =+K18 -> 0 | O18: =+L18 -> 0 | P18: =O18-N18 -> 0 | Q18: =N18/$G18 -> 0 | R18: =O18/$G18 -> 0 | S18: 0 | T18: 0 | U18: =IFERROR(IF((T18/S18)>=1,100%,(T18/S18)),0%) -> 0 | V18: =N18+S18 -> 0 | W18: =O18+T18 -> 0 | X18: =W18-V18 -> 0 | Y18: =V18/$G18 -> 0 | Z18: =W18/$G18 -> 0 | AA18: 0 | AB18: 0 | AC18: =IFERROR(IF((AB18/AA18)>=1,100%,(AB18/AA18)),0%) -> 0 | AD18: =V18+AA18 -> 0 | AE18: =W18+AB18 -> 0 | AF18: =AE18-AD18 -> 0 | AG18: =AD18/$G18 -> 0 | AH18: =AE18/$G18 -> 0 | AI18: 0 | AJ18: 0 | AK18: =IFERROR(IF((AJ18/AI18)>=1,100%,(AJ18/AI18)),0%) -> 0 | AL18: =AD18+AI18 -> 0 | AM18: =AE18+AJ18 -> 0 | AN18: =AM18-AL18 -> 0 | AO18: =AL18/$G18 -> 0 | AP18: =AM18/$G18 -> 0 | AQ18: 0 | AR18: 0 | AS18: =IFERROR(IF((AR18/AQ18)>=1,100%,(AR18/AQ18)),0%) -> 0 | AT18: =AL18+AQ18 -> 0 | AU18: =AM18+AR18 -> 0 | AV18: =AU18-AT18 -> 0 | AW18: =AT18/$G18 -> 0 | AX18: =AU18/$G18 -> 0 | AY18: 0 | AZ18: 0 | BA18: =IFERROR(IF((AZ18/AY18)>=1,100%,(AZ18/AY18)),0%) -> 0 | BB18: =AT18+AY18 -> 0 | BC18: =AU18+AZ18 -> 0 | BD18: =BC18-BB18 -> 0 | BE18: =BB18/$G18 -> 0 | BF18: =BC18/$G18 -> 0 | BG18: 0 | BH18: 0 | BI18: =IFERROR(IF((BH18/BG18)>=1,100%,(BH18/BG18)),0%) -> 0 | BJ18: =BB18+BG18 -> 0 | BK18: =BC18+BH18 -> 0 | BL18: =BK18-BJ18 -> 0 | BM18: =BJ18/$G18 -> 0 | BN18: =BK18/$G18 -> 0 | BO18: 0 | BP18: 0 | BQ18: =IFERROR(IF((BP18/BO18)>=1,100%,(BP18/BO18)),0%) -> 0 | BR18: =BJ18+BO18 -> 0 | BS18: =BK18+BP18 -> 0 | BT18: =BS18-BR18 -> 0 | BU18: =BR18/$G18 -> 0 | BV18: =BS18/$G18 -> 0 | BW18: 0 | BX18: 0 | BY18: =IFERROR(IF((BX18/BW18)>=1,100%,(BX18/BW18)),0%) -> 0 | BZ18: =BR18+BW18 -> 0 | CA18: =BS18+BX18 -> 0 | CB18: =CA18-BZ18 -> 0 | CC18: =BZ18/$G18 -> 0 | CD18: =CA18/$G18 -> 0 | CE18: 0 | CF18: 0 | CG18: =IFERROR(IF((CF18/CE18)>=1,100%,(CF18/CE18)),0%) -> 0 | CH18: =BZ18+CE18 -> 0 | CI18: =CA18+CF18 -> 0 | CJ18: =CI18-CH18 -> 0 | CK18: =CH18/$G18 -> 0 | CL18: =CI18/$G18 -> 0 | CM18: 0 | CN18: 0 | CO18: =IFERROR(IF((CN18/CM18)>=1,100%,(CN18/CM18)),0%) -> 0 | CP18: =CH18+CM18 -> 0 | CQ18: =CI18+CN18 -> 0 | CR18: =CQ18-CP18 -> 0 | CS18: =CP18/$G18 -> 0 | CT18: =CQ18/$G18 -> 0 | CU18: 0 | CV18: 0 | CW18: =IFERROR(IF((CV18/CU18)>=1,100%,(CV18/CU18)),0%) -> 0 | CX18: =CP18+CU18 -> 0 | CY18: =CQ18+CV18 -> 0 | CZ18: =CY18-CX18 -> 0 | DA18: =CX18/$G18 -> 0 | DB18: =CY18/$G18 -> 0 | DC18: 0 | DD18: 0 | DE18: 0 | DF18: =CX18+DC18 -> 0 | DG18: =CY18+DD18 -> 0 | DH18: =DG18-DF18 -> 0 | DI18: =DF18/$G18 -> 0 | DJ18: =DG18/$G18 -> 0 | DK18: 0 | DL18: 0 | DM18: =IFERROR(IF((DL18/DK18)>=1,100%,(DL18/DK18)),0%) -> 0 | DN18: =DF18+DK18 -> 0 | DO18: =DG18+DL18 -> 0 | DP18: =DO18-DN18 -> 0 | DQ18: =DN18/$G18 -> 0 | DR18: =DO18/$G18 -> 0
F19: 테스트 | G19: 1 | H19: 1 | I19: =SUM(L19+T19+AB19+AJ19+AR19+AZ19+BH19+BP19+BX19+CF19+CN19+CV19+DD19+DL19+DT19+EB19+EJ19+ER19+EZ19+FI19+FR19+GB19+GL19+GV19+HF19+HP19+HZ19+IJ19+IT19+JD19+JN19+JX19+KH19+KR19+LB19+LL19+LV19+MF19+MP19+MZ19) -> 0 | J19: =IFERROR(IF((I19/H19)>=1,100%,(I19/H19)),0%) -> 0 | K19: 0 | L19: 0 | M19: =IFERROR(IF((L19/K19)>=1,100%,(L19/K19)),0%) -> 0 | N19: =+K19 -> 0 | O19: =+L19 -> 0 | P19: =O19-N19 -> 0 | Q19: =N19/$G19 -> 0 | R19: =O19/$G19 -> 0 | S19: 0 | T19: 0 | U19: =IFERROR(IF((T19/S19)>=1,100%,(T19/S19)),0%) -> 0 | V19: =N19+S19 -> 0 | W19: =O19+T19 -> 0 | X19: =W19-V19 -> 0 | Y19: =V19/$G19 -> 0 | Z19: =W19/$G19 -> 0 | AA19: 0 | AB19: 0 | AC19: =IFERROR(IF((AB19/AA19)>=1,100%,(AB19/AA19)),0%) -> 0 | AD19: =V19+AA19 -> 0 | AE19: =W19+AB19 -> 0 | AF19: =AE19-AD19 -> 0 | AG19: =AD19/$G19 -> 0 | AH19: =AE19/$G19 -> 0 | AI19: 0 | AJ19: 0 | AK19: =IFERROR(IF((AJ19/AI19)>=1,100%,(AJ19/AI19)),0%) -> 0 | AL19: =AD19+AI19 -> 0 | AM19: =AE19+AJ19 -> 0 | AN19: =AM19-AL19 -> 0 | AO19: =AL19/$G19 -> 0 | AP19: =AM19/$G19 -> 0 | AQ19: 0 | AR19: 0 | AS19: =IFERROR(IF((AR19/AQ19)>=1,100%,(AR19/AQ19)),0%) -> 0 | AT19: =AL19+AQ19 -> 0 | AU19: =AM19+AR19 -> 0 | AV19: =AU19-AT19 -> 0 | AW19: =AT19/$G19 -> 0 | AX19: =AU19/$G19 -> 0 | AY19: 0 | AZ19: 0 | BA19: =IFERROR(IF((AZ19/AY19)>=1,100%,(AZ19/AY19)),0%) -> 0 | BB19: =AT19+AY19 -> 0 | BC19: =AU19+AZ19 -> 0 | BD19: =BC19-BB19 -> 0 | BE19: =BB19/$G19 -> 0 | BF19: =BC19/$G19 -> 0 | BG19: 0 | BH19: 0 | BI19: =IFERROR(IF((BH19/BG19)>=1,100%,(BH19/BG19)),0%) -> 0 | BJ19: =BB19+BG19 -> 0 | BK19: =BC19+BH19 -> 0 | BL19: =BK19-BJ19 -> 0 | BM19: =BJ19/$G19 -> 0 | BN19: =BK19/$G19 -> 0 | BO19: 0 | BP19: 0 | BQ19: =IFERROR(IF((BP19/BO19)>=1,100%,(BP19/BO19)),0%) -> 0 | BR19: =BJ19+BO19 -> 0 | BS19: =BK19+BP19 -> 0 | BT19: =BS19-BR19 -> 0 | BU19: =BR19/$G19 -> 0 | BV19: =BS19/$G19 -> 0 | BW19: 0 | BX19: 0 | BY19: =IFERROR(IF((BX19/BW19)>=1,100%,(BX19/BW19)),0%) -> 0 | BZ19: =BR19+BW19 -> 0 | CA19: =BS19+BX19 -> 0 | CB19: =CA19-BZ19 -> 0 | CC19: =BZ19/$G19 -> 0 | CD19: =CA19/$G19 -> 0 | CE19: 0 | CF19: 0 | CG19: =IFERROR(IF((CF19/CE19)>=1,100%,(CF19/CE19)),0%) -> 0 | CH19: =BZ19+CE19 -> 0 | CI19: =CA19+CF19 -> 0 | CJ19: =CI19-CH19 -> 0 | CK19: =CH19/$G19 -> 0 | CL19: =CI19/$G19 -> 0 | CM19: 0 | CN19: 0 | CO19: =IFERROR(IF((CN19/CM19)>=1,100%,(CN19/CM19)),0%) -> 0 | CP19: =CH19+CM19 -> 0 | CQ19: =CI19+CN19 -> 0 | CR19: =CQ19-CP19 -> 0 | CS19: =CP19/$G19 -> 0 | CT19: =CQ19/$G19 -> 0 | CU19: 0 | CV19: 0 | CW19: =IFERROR(IF((CV19/CU19)>=1,100%,(CV19/CU19)),0%) -> 0 | CX19: =CP19+CU19 -> 0 | CY19: =CQ19+CV19 -> 0 | CZ19: =CY19-CX19 -> 0 | DA19: =CX19/$G19 -> 0 | DB19: =CY19/$G19 -> 0 | DC19: 0 | DD19: 0 | DE19: 0 | DF19: =CX19+DC19 -> 0 | DG19: =CY19+DD19 -> 0 | DH19: =DG19-DF19 -> 0 | DI19: =DF19/$G19 -> 0 | DJ19: =DG19/$G19 -> 0 | DK19: 0 | DL19: 0 | DM19: =IFERROR(IF((DL19/DK19)>=1,100%,(DL19/DK19)),0%) -> 0 | DN19: =DF19+DK19 -> 0 | DO19: =DG19+DL19 -> 0 | DP19: =DO19-DN19 -> 0 | DQ19: =DN19/$G19 -> 0 | DR19: =DO19/$G19 -> 0
C20: 가상공간 텔레포트 | D20: GIS지도기반 POI 텔레포트 | F20: 설계 | G20: 1 | H20: 1 | I20: =SUM(L20+T20+AB20+AJ20+AR20+AZ20+BH20+BP20+BX20+CF20+CN20+CV20+DD20+DL20+DT20+EB20+EJ20+ER20+EZ20+FI20+FR20+GB20+GL20+GV20+HF20+HP20+HZ20+IJ20+IT20+JD20+JN20+JX20+KH20+KR20+LB20+LL20+LV20+MF20+MP20+MZ20) -> 0 | J20: =IFERROR(IF((I20/H20)>=1,100%,(I20/H20)),0%) -> 0 | K20: 0 | L20: 0 | M20: =IFERROR(IF((L20/K20)>=1,100%,(L20/K20)),0%) -> 0 | N20: =+K20 -> 0 | O20: =+L20 -> 0 | P20: =O20-N20 -> 0 | Q20: =N20/$G20 -> 0 | R20: =O20/$G20 -> 0 | S20: 0 | T20: 0 | U20: =IFERROR(IF((T20/S20)>=1,100%,(T20/S20)),0%) -> 0 | V20: =N20+S20 -> 0 | W20: =O20+T20 -> 0 | X20: =W20-V20 -> 0 | Y20: =V20/$G20 -> 0 | Z20: =W20/$G20 -> 0 | AA20: 0 | AB20: 0 | AC20: =IFERROR(IF((AB20/AA20)>=1,100%,(AB20/AA20)),0%) -> 0 | AD20: =V20+AA20 -> 0 | AE20: =W20+AB20 -> 0 | AF20: =AE20-AD20 -> 0 | AG20: =AD20/$G20 -> 0 | AH20: =AE20/$G20 -> 0 | AI20: 0 | AJ20: 0 | AK20: =IFERROR(IF((AJ20/AI20)>=1,100%,(AJ20/AI20)),0%) -> 0 | AL20: =AD20+AI20 -> 0 | AM20: =AE20+AJ20 -> 0 | AN20: =AM20-AL20 -> 0 | AO20: =AL20/$G20 -> 0 | AP20: =AM20/$G20 -> 0 | AQ20: 0 | AR20: 0 | AS20: =IFERROR(IF((AR20/AQ20)>=1,100%,(AR20/AQ20)),0%) -> 0 | AT20: =AL20+AQ20 -> 0 | AU20: =AM20+AR20 -> 0 | AV20: =AU20-AT20 -> 0 | AW20: =AT20/$G20 -> 0 | AX20: =AU20/$G20 -> 0 | AY20: 0 | AZ20: 0 | BA20: =IFERROR(IF((AZ20/AY20)>=1,100%,(AZ20/AY20)),0%) -> 0 | BB20: =AT20+AY20 -> 0 | BC20: =AU20+AZ20 -> 0 | BD20: =BC20-BB20 -> 0 | BE20: =BB20/$G20 -> 0 | BF20: =BC20/$G20 -> 0 | BG20: 0 | BH20: 0 | BI20: =IFERROR(IF((BH20/BG20)>=1,100%,(BH20/BG20)),0%) -> 0 | BJ20: =BB20+BG20 -> 0 | BK20: =BC20+BH20 -> 0 | BL20: =BK20-BJ20 -> 0 | BM20: =BJ20/$G20 -> 0 | BN20: =BK20/$G20 -> 0 | BO20: 0 | BP20: 0 | BQ20: =IFERROR(IF((BP20/BO20)>=1,100%,(BP20/BO20)),0%) -> 0 | BR20: =BJ20+BO20 -> 0 | BS20: =BK20+BP20 -> 0 | BT20: =BS20-BR20 -> 0 | BU20: =BR20/$G20 -> 0 | BV20: =BS20/$G20 -> 0 | BW20: 0 | BX20: 0 | BY20: =IFERROR(IF((BX20/BW20)>=1,100%,(BX20/BW20)),0%) -> 0 | BZ20: =BR20+BW20 -> 0 | CA20: =BS20+BX20 -> 0 | CB20: =CA20-BZ20 -> 0 | CC20: =BZ20/$G20 -> 0 | CD20: =CA20/$G20 -> 0 | CE20: 0 | CF20: 0 | CG20: =IFERROR(IF((CF20/CE20)>=1,100%,(CF20/CE20)),0%) -> 0 | CH20: =BZ20+CE20 -> 0 | CI20: =CA20+CF20 -> 0 | CJ20: =CI20-CH20 -> 0 | CK20: =CH20/$G20 -> 0 | CL20: =CI20/$G20 -> 0 | CM20: 0 | CN20: 0 | CO20: =IFERROR(IF((CN20/CM20)>=1,100%,(CN20/CM20)),0%) -> 0 | CP20: =CH20+CM20 -> 0 | CQ20: =CI20+CN20 -> 0 | CR20: =CQ20-CP20 -> 0 | CS20: =CP20/$G20 -> 0 | CT20: =CQ20/$G20 -> 0 | CU20: 0 | CV20: 0 | CW20: =IFERROR(IF((CV20/CU20)>=1,100%,(CV20/CU20)),0%) -> 0 | CX20: =CP20+CU20 -> 0 | CY20: =CQ20+CV20 -> 0 | CZ20: =CY20-CX20 -> 0 | DA20: =CX20/$G20 -> 0 | DB20: =CY20/$G20 -> 0 | DC20: 0 | DD20: 0 | DE20: 0 | DF20: =CX20+DC20 -> 0 | DG20: =CY20+DD20 -> 0 | DH20: =DG20-DF20 -> 0 | DI20: =DF20/$G20 -> 0 | DJ20: =DG20/$G20 -> 0 | DK20: 0 | DL20: 0 | DM20: =IFERROR(IF((DL20/DK20)>=1,100%,(DL20/DK20)),0%) -> 0 | DN20: =DF20+DK20 -> 0 | DO20: =DG20+DL20 -> 0 | DP20: =DO20-DN20 -> 0 | DQ20: =DN20/$G20 -> 0 | DR20: =DO20/$G20 -> 0
F21: 구현 | G21: 1 | H21: 1 | I21: =SUM(L21+T21+AB21+AJ21+AR21+AZ21+BH21+BP21+BX21+CF21+CN21+CV21+DD21+DL21+DT21+EB21+EJ21+ER21+EZ21+FI21+FR21+GB21+GL21+GV21+HF21+HP21+HZ21+IJ21+IT21+JD21+JN21+JX21+KH21+KR21+LB21+LL21+LV21+MF21+MP21+MZ21) -> 0 | J21: =IFERROR(IF((I21/H21)>=1,100%,(I21/H21)),0%) -> 0 | K21: 0 | L21: 0 | M21: =IFERROR(IF((L21/K21)>=1,100%,(L21/K21)),0%) -> 0 | N21: =+K21 -> 0 | O21: =+L21 -> 0 | P21: =O21-N21 -> 0 | Q21: =N21/$G21 -> 0 | R21: =O21/$G21 -> 0 | S21: 0 | T21: 0 | U21: =IFERROR(IF((T21/S21)>=1,100%,(T21/S21)),0%) -> 0 | V21: =N21+S21 -> 0 | W21: =O21+T21 -> 0 | X21: =W21-V21 -> 0 | Y21: =V21/$G21 -> 0 | Z21: =W21/$G21 -> 0 | AA21: 0 | AB21: 0 | AC21: =IFERROR(IF((AB21/AA21)>=1,100%,(AB21/AA21)),0%) -> 0 | AD21: =V21+AA21 -> 0 | AE21: =W21+AB21 -> 0 | AF21: =AE21-AD21 -> 0 | AG21: =AD21/$G21 -> 0 | AH21: =AE21/$G21 -> 0 | AI21: 0 | AJ21: 0 | AK21: =IFERROR(IF((AJ21/AI21)>=1,100%,(AJ21/AI21)),0%) -> 0 | AL21: =AD21+AI21 -> 0 | AM21: =AE21+AJ21 -> 0 | AN21: =AM21-AL21 -> 0 | AO21: =AL21/$G21 -> 0 | AP21: =AM21/$G21 -> 0 | AQ21: 0 | AR21: 0 | AS21: =IFERROR(IF((AR21/AQ21)>=1,100%,(AR21/AQ21)),0%) -> 0 | AT21: =AL21+AQ21 -> 0 | AU21: =AM21+AR21 -> 0 | AV21: =AU21-AT21 -> 0 | AW21: =AT21/$G21 -> 0 | AX21: =AU21/$G21 -> 0 | AY21: 0 | AZ21: 0 | BA21: =IFERROR(IF((AZ21/AY21)>=1,100%,(AZ21/AY21)),0%) -> 0 | BB21: =AT21+AY21 -> 0 | BC21: =AU21+AZ21 -> 0 | BD21: =BC21-BB21 -> 0 | BE21: =BB21/$G21 -> 0 | BF21: =BC21/$G21 -> 0 | BG21: 0 | BH21: 0 | BI21: =IFERROR(IF((BH21/BG21)>=1,100%,(BH21/BG21)),0%) -> 0 | BJ21: =BB21+BG21 -> 0 | BK21: =BC21+BH21 -> 0 | BL21: =BK21-BJ21 -> 0 | BM21: =BJ21/$G21 -> 0 | BN21: =BK21/$G21 -> 0 | BO21: 0 | BP21: 0 | BQ21: =IFERROR(IF((BP21/BO21)>=1,100%,(BP21/BO21)),0%) -> 0 | BR21: =BJ21+BO21 -> 0 | BS21: =BK21+BP21 -> 0 | BT21: =BS21-BR21 -> 0 | BU21: =BR21/$G21 -> 0 | BV21: =BS21/$G21 -> 0 | BW21: 0 | BX21: 0 | BY21: =IFERROR(IF((BX21/BW21)>=1,100%,(BX21/BW21)),0%) -> 0 | BZ21: =BR21+BW21 -> 0 | CA21: =BS21+BX21 -> 0 | CB21: =CA21-BZ21 -> 0 | CC21: =BZ21/$G21 -> 0 | CD21: =CA21/$G21 -> 0 | CE21: 0 | CF21: 0 | CG21: =IFERROR(IF((CF21/CE21)>=1,100%,(CF21/CE21)),0%) -> 0 | CH21: =BZ21+CE21 -> 0 | CI21: =CA21+CF21 -> 0 | CJ21: =CI21-CH21 -> 0 | CK21: =CH21/$G21 -> 0 | CL21: =CI21/$G21 -> 0 | CM21: 0 | CN21: 0 | CO21: =IFERROR(IF((CN21/CM21)>=1,100%,(CN21/CM21)),0%) -> 0 | CP21: =CH21+CM21 -> 0 | CQ21: =CI21+CN21 -> 0 | CR21: =CQ21-CP21 -> 0 | CS21: =CP21/$G21 -> 0 | CT21: =CQ21/$G21 -> 0 | CU21: 0 | CV21: 0 | CW21: =IFERROR(IF((CV21/CU21)>=1,100%,(CV21/CU21)),0%) -> 0 | CX21: =CP21+CU21 -> 0 | CY21: =CQ21+CV21 -> 0 | CZ21: =CY21-CX21 -> 0 | DA21: =CX21/$G21 -> 0 | DB21: =CY21/$G21 -> 0 | DC21: 0 | DD21: 0 | DE21: 0 | DF21: =CX21+DC21 -> 0 | DG21: =CY21+DD21 -> 0 | DH21: =DG21-DF21 -> 0 | DI21: =DF21/$G21 -> 0 | DJ21: =DG21/$G21 -> 0 | DK21: 0 | DL21: 0 | DM21: =IFERROR(IF((DL21/DK21)>=1,100%,(DL21/DK21)),0%) -> 0 | DN21: =DF21+DK21 -> 0 | DO21: =DG21+DL21 -> 0 | DP21: =DO21-DN21 -> 0 | DQ21: =DN21/$G21 -> 0 | DR21: =DO21/$G21 -> 0
F22: 테스트 | G22: 1 | H22: 1 | I22: =SUM(L22+T22+AB22+AJ22+AR22+AZ22+BH22+BP22+BX22+CF22+CN22+CV22+DD22+DL22+DT22+EB22+EJ22+ER22+EZ22+FI22+FR22+GB22+GL22+GV22+HF22+HP22+HZ22+IJ22+IT22+JD22+JN22+JX22+KH22+KR22+LB22+LL22+LV22+MF22+MP22+MZ22) -> 0 | J22: =IFERROR(IF((I22/H22)>=1,100%,(I22/H22)),0%) -> 0 | K22: 0 | L22: 0 | M22: =IFERROR(IF((L22/K22)>=1,100%,(L22/K22)),0%) -> 0 | N22: =+K22 -> 0 | O22: =+L22 -> 0 | P22: =O22-N22 -> 0 | Q22: =N22/$G22 -> 0 | R22: =O22/$G22 -> 0 | S22: 0 | T22: 0 | U22: =IFERROR(IF((T22/S22)>=1,100%,(T22/S22)),0%) -> 0 | V22: =N22+S22 -> 0 | W22: =O22+T22 -> 0 | X22: =W22-V22 -> 0 | Y22: =V22/$G22 -> 0 | Z22: =W22/$G22 -> 0 | AA22: 0 | AB22: 0 | AC22: =IFERROR(IF((AB22/AA22)>=1,100%,(AB22/AA22)),0%) -> 0 | AD22: =V22+AA22 -> 0 | AE22: =W22+AB22 -> 0 | AF22: =AE22-AD22 -> 0 | AG22: =AD22/$G22 -> 0 | AH22: =AE22/$G22 -> 0 | AI22: 0 | AJ22: 0 | AK22: =IFERROR(IF((AJ22/AI22)>=1,100%,(AJ22/AI22)),0%) -> 0 | AL22: =AD22+AI22 -> 0 | AM22: =AE22+AJ22 -> 0 | AN22: =AM22-AL22 -> 0 | AO22: =AL22/$G22 -> 0 | AP22: =AM22/$G22 -> 0 | AQ22: 0 | AR22: 0 | AS22: =IFERROR(IF((AR22/AQ22)>=1,100%,(AR22/AQ22)),0%) -> 0 | AT22: =AL22+AQ22 -> 0 | AU22: =AM22+AR22 -> 0 | AV22: =AU22-AT22 -> 0 | AW22: =AT22/$G22 -> 0 | AX22: =AU22/$G22 -> 0 | AY22: 0 | AZ22: 0 | BA22: =IFERROR(IF((AZ22/AY22)>=1,100%,(AZ22/AY22)),0%) -> 0 | BB22: =AT22+AY22 -> 0 | BC22: =AU22+AZ22 -> 0 | BD22: =BC22-BB22 -> 0 | BE22: =BB22/$G22 -> 0 | BF22: =BC22/$G22 -> 0 | BG22: 0 | BH22: 0 | BI22: =IFERROR(IF((BH22/BG22)>=1,100%,(BH22/BG22)),0%) -> 0 | BJ22: =BB22+BG22 -> 0 | BK22: =BC22+BH22 -> 0 | BL22: =BK22-BJ22 -> 0 | BM22: =BJ22/$G22 -> 0 | BN22: =BK22/$G22 -> 0 | BO22: 0 | BP22: 0 | BQ22: =IFERROR(IF((BP22/BO22)>=1,100%,(BP22/BO22)),0%) -> 0 | BR22: =BJ22+BO22 -> 0 | BS22: =BK22+BP22 -> 0 | BT22: =BS22-BR22 -> 0 | BU22: =BR22/$G22 -> 0 | BV22: =BS22/$G22 -> 0 | BW22: 0 | BX22: 0 | BY22: =IFERROR(IF((BX22/BW22)>=1,100%,(BX22/BW22)),0%) -> 0 | BZ22: =BR22+BW22 -> 0 | CA22: =BS22+BX22 -> 0 | CB22: =CA22-BZ22 -> 0 | CC22: =BZ22/$G22 -> 0 | CD22: =CA22/$G22 -> 0 | CE22: 0 | CF22: 0 | CG22: =IFERROR(IF((CF22/CE22)>=1,100%,(CF22/CE22)),0%) -> 0 | CH22: =BZ22+CE22 -> 0 | CI22: =CA22+CF22 -> 0 | CJ22: =CI22-CH22 -> 0 | CK22: =CH22/$G22 -> 0 | CL22: =CI22/$G22 -> 0 | CM22: 0 | CN22: 0 | CO22: =IFERROR(IF((CN22/CM22)>=1,100%,(CN22/CM22)),0%) -> 0 | CP22: =CH22+CM22 -> 0 | CQ22: =CI22+CN22 -> 0 | CR22: =CQ22-CP22 -> 0 | CS22: =CP22/$G22 -> 0 | CT22: =CQ22/$G22 -> 0 | CU22: 0 | CV22: 0 | CW22: =IFERROR(IF((CV22/CU22)>=1,100%,(CV22/CU22)),0%) -> 0 | CX22: =CP22+CU22 -> 0 | CY22: =CQ22+CV22 -> 0 | CZ22: =CY22-CX22 -> 0 | DA22: =CX22/$G22 -> 0 | DB22: =CY22/$G22 -> 0 | DC22: 0 | DD22: 0 | DE22: 0 | DF22: =CX22+DC22 -> 0 | DG22: =CY22+DD22 -> 0 | DH22: =DG22-DF22 -> 0 | DI22: =DF22/$G22 -> 0 | DJ22: =DG22/$G22 -> 0 | DK22: 0 | DL22: 0 | DM22: =IFERROR(IF((DL22/DK22)>=1,100%,(DL22/DK22)),0%) -> 0 | DN22: =DF22+DK22 -> 0 | DO22: =DG22+DL22 -> 0 | DP22: =DO22-DN22 -> 0 | DQ22: =DN22/$G22 -> 0 | DR22: =DO22/$G22 -> 0
B23: 가상공간 커뮤니케이션 | C23: 채팅기능 | D23: 포톤서버를 활용한 채팅개발 | F23: 설계 | G23: 1 | H23: 1 | I23: =SUM(L23+T23+AB23+AJ23+AR23+AZ23+BH23+BP23+BX23+CF23+CN23+CV23+DD23+DL23+DT23+EB23+EJ23+ER23+EZ23+FI23+FR23+GB23+GL23+GV23+HF23+HP23+HZ23+IJ23+IT23+JD23+JN23+JX23+KH23+KR23+LB23+LL23+LV23+MF23+MP23+MZ23) -> 0 | J23: =IFERROR(IF((I23/H23)>=1,100%,(I23/H23)),0%) -> 0 | K23: 0 | L23: 0 | M23: =IFERROR(IF((L23/K23)>=1,100%,(L23/K23)),0%) -> 0 | N23: =+K23 -> 0 | O23: =+L23 -> 0 | P23: =O23-N23 -> 0 | Q23: =N23/$G23 -> 0 | R23: =O23/$G23 -> 0 | S23: 0 | T23: 0 | U23: =IFERROR(IF((T23/S23)>=1,100%,(T23/S23)),0%) -> 0 | V23: =N23+S23 -> 0 | W23: =O23+T23 -> 0 | X23: =W23-V23 -> 0 | Y23: =V23/$G23 -> 0 | Z23: =W23/$G23 -> 0 | AA23: 0 | AB23: 0 | AC23: =IFERROR(IF((AB23/AA23)>=1,100%,(AB23/AA23)),0%) -> 0 | AD23: =V23+AA23 -> 0 | AE23: =W23+AB23 -> 0 | AF23: =AE23-AD23 -> 0 | AG23: =AD23/$G23 -> 0 | AH23: =AE23/$G23 -> 0 | AI23: 0 | AJ23: 0 | AK23: =IFERROR(IF((AJ23/AI23)>=1,100%,(AJ23/AI23)),0%) -> 0 | AL23: =AD23+AI23 -> 0 | AM23: =AE23+AJ23 -> 0 | AN23: =AM23-AL23 -> 0 | AO23: =AL23/$G23 -> 0 | AP23: =AM23/$G23 -> 0 | AQ23: 0 | AR23: 0 | AS23: =IFERROR(IF((AR23/AQ23)>=1,100%,(AR23/AQ23)),0%) -> 0 | AT23: =AL23+AQ23 -> 0 | AU23: =AM23+AR23 -> 0 | AV23: =AU23-AT23 -> 0 | AW23: =AT23/$G23 -> 0 | AX23: =AU23/$G23 -> 0 | AY23: 0 | AZ23: 0 | BA23: =IFERROR(IF((AZ23/AY23)>=1,100%,(AZ23/AY23)),0%) -> 0 | BB23: =AT23+AY23 -> 0 | BC23: =AU23+AZ23 -> 0 | BD23: =BC23-BB23 -> 0 | BE23: =BB23/$G23 -> 0 | BF23: =BC23/$G23 -> 0 | BG23: 0 | BH23: 0 | BI23: =IFERROR(IF((BH23/BG23)>=1,100%,(BH23/BG23)),0%) -> 0 | BJ23: =BB23+BG23 -> 0 | BK23: =BC23+BH23 -> 0 | BL23: =BK23-BJ23 -> 0 | BM23: =BJ23/$G23 -> 0 | BN23: =BK23/$G23 -> 0 | BO23: 0 | BP23: 0 | BQ23: =IFERROR(IF((BP23/BO23)>=1,100%,(BP23/BO23)),0%) -> 0 | BR23: =BJ23+BO23 -> 0 | BS23: =BK23+BP23 -> 0 | BT23: =BS23-BR23 -> 0 | BU23: =BR23/$G23 -> 0 | BV23: =BS23/$G23 -> 0 | BW23: 0 | BX23: 0 | BY23: =IFERROR(IF((BX23/BW23)>=1,100%,(BX23/BW23)),0%) -> 0 | BZ23: =BR23+BW23 -> 0 | CA23: =BS23+BX23 -> 0 | CB23: =CA23-BZ23 -> 0 | CC23: =BZ23/$G23 -> 0 | CD23: =CA23/$G23 -> 0 | CE23: 0 | CF23: 0 | CG23: =IFERROR(IF((CF23/CE23)>=1,100%,(CF23/CE23)),0%) -> 0 | CH23: =BZ23+CE23 -> 0 | CI23: =CA23+CF23 -> 0 | CJ23: =CI23-CH23 -> 0 | CK23: =CH23/$G23 -> 0 | CL23: =CI23/$G23 -> 0 | CM23: 0 | CN23: 0 | CO23: =IFERROR(IF((CN23/CM23)>=1,100%,(CN23/CM23)),0%) -> 0 | CP23: =CH23+CM23 -> 0 | CQ23: =CI23+CN23 -> 0 | CR23: =CQ23-CP23 -> 0 | CS23: =CP23/$G23 -> 0 | CT23: =CQ23/$G23 -> 0 | CU23: 0 | CV23: 0 | CW23: =IFERROR(IF((CV23/CU23)>=1,100%,(CV23/CU23)),0%) -> 0 | CX23: =CP23+CU23 -> 0 | CY23: =CQ23+CV23 -> 0 | CZ23: =CY23-CX23 -> 0 | DA23: =CX23/$G23 -> 0 | DB23: =CY23/$G23 -> 0 | DC23: 0 | DD23: 0 | DE23: 0 | DF23: =CX23+DC23 -> 0 | DG23: =CY23+DD23 -> 0 | DH23: =DG23-DF23 -> 0 | DI23: =DF23/$G23 -> 0 | DJ23: =DG23/$G23 -> 0 | DK23: 0 | DL23: 0 | DM23: =IFERROR(IF((DL23/DK23)>=1,100%,(DL23/DK23)),0%) -> 0 | DN23: =DF23+DK23 -> 0 | DO23: =DG23+DL23 -> 0 | DP23: =DO23-DN23 -> 0 | DQ23: =DN23/$G23 -> 0 | DR23: =DO23/$G23 -> 0
F24: 구현 | G24: 1 | H24: 1 | I24: =SUM(L24+T24+AB24+AJ24+AR24+AZ24+BH24+BP24+BX24+CF24+CN24+CV24+DD24+DL24+DT24+EB24+EJ24+ER24+EZ24+FI24+FR24+GB24+GL24+GV24+HF24+HP24+HZ24+IJ24+IT24+JD24+JN24+JX24+KH24+KR24+LB24+LL24+LV24+MF24+MP24+MZ24) -> 0 | J24: =IFERROR(IF((I24/H24)>=1,100%,(I24/H24)),0%) -> 0 | K24: 0 | L24: 0 | M24: =IFERROR(IF((L24/K24)>=1,100%,(L24/K24)),0%) -> 0 | N24: =+K24 -> 0 | O24: =+L24 -> 0 | P24: =O24-N24 -> 0 | Q24: =N24/$G24 -> 0 | R24: =O24/$G24 -> 0 | S24: 0 | T24: 0 | U24: =IFERROR(IF((T24/S24)>=1,100%,(T24/S24)),0%) -> 0 | V24: =N24+S24 -> 0 | W24: =O24+T24 -> 0 | X24: =W24-V24 -> 0 | Y24: =V24/$G24 -> 0 | Z24: =W24/$G24 -> 0 | AA24: 0 | AB24: 0 | AC24: =IFERROR(IF((AB24/AA24)>=1,100%,(AB24/AA24)),0%) -> 0 | AD24: =V24+AA24 -> 0 | AE24: =W24+AB24 -> 0 | AF24: =AE24-AD24 -> 0 | AG24: =AD24/$G24 -> 0 | AH24: =AE24/$G24 -> 0 | AI24: 0 | AJ24: 0 | AK24: =IFERROR(IF((AJ24/AI24)>=1,100%,(AJ24/AI24)),0%) -> 0 | AL24: =AD24+AI24 -> 0 | AM24: =AE24+AJ24 -> 0 | AN24: =AM24-AL24 -> 0 | AO24: =AL24/$G24 -> 0 | AP24: =AM24/$G24 -> 0 | AQ24: 0 | AR24: 0 | AS24: =IFERROR(IF((AR24/AQ24)>=1,100%,(AR24/AQ24)),0%) -> 0 | AT24: =AL24+AQ24 -> 0 | AU24: =AM24+AR24 -> 0 | AV24: =AU24-AT24 -> 0 | AW24: =AT24/$G24 -> 0 | AX24: =AU24/$G24 -> 0 | AY24: 0 | AZ24: 0 | BA24: =IFERROR(IF((AZ24/AY24)>=1,100%,(AZ24/AY24)),0%) -> 0 | BB24: =AT24+AY24 -> 0 | BC24: =AU24+AZ24 -> 0 | BD24: =BC24-BB24 -> 0 | BE24: =BB24/$G24 -> 0 | BF24: =BC24/$G24 -> 0 | BG24: 0 | BH24: 0 | BI24: =IFERROR(IF((BH24/BG24)>=1,100%,(BH24/BG24)),0%) -> 0 | BJ24: =BB24+BG24 -> 0 | BK24: =BC24+BH24 -> 0 | BL24: =BK24-BJ24 -> 0 | BM24: =BJ24/$G24 -> 0 | BN24: =BK24/$G24 -> 0 | BO24: 0 | BP24: 0 | BQ24: =IFERROR(IF((BP24/BO24)>=1,100%,(BP24/BO24)),0%) -> 0 | BR24: =BJ24+BO24 -> 0 | BS24: =BK24+BP24 -> 0 | BT24: =BS24-BR24 -> 0 | BU24: =BR24/$G24 -> 0 | BV24: =BS24/$G24 -> 0 | BW24: 0 | BX24: 0 | BY24: =IFERROR(IF((BX24/BW24)>=1,100%,(BX24/BW24)),0%) -> 0 | BZ24: =BR24+BW24 -> 0 | CA24: =BS24+BX24 -> 0 | CB24: =CA24-BZ24 -> 0 | CC24: =BZ24/$G24 -> 0 | CD24: =CA24/$G24 -> 0 | CE24: 0 | CF24: 0 | CG24: =IFERROR(IF((CF24/CE24)>=1,100%,(CF24/CE24)),0%) -> 0 | CH24: =BZ24+CE24 -> 0 | CI24: =CA24+CF24 -> 0 | CJ24: =CI24-CH24 -> 0 | CK24: =CH24/$G24 -> 0 | CL24: =CI24/$G24 -> 0 | CM24: 0 | CN24: 0 | CO24: =IFERROR(IF((CN24/CM24)>=1,100%,(CN24/CM24)),0%) -> 0 | CP24: =CH24+CM24 -> 0 | CQ24: =CI24+CN24 -> 0 | CR24: =CQ24-CP24 -> 0 | CS24: =CP24/$G24 -> 0 | CT24: =CQ24/$G24 -> 0 | CU24: 0 | CV24: 0 | CW24: =IFERROR(IF((CV24/CU24)>=1,100%,(CV24/CU24)),0%) -> 0 | CX24: =CP24+CU24 -> 0 | CY24: =CQ24+CV24 -> 0 | CZ24: =CY24-CX24 -> 0 | DA24: =CX24/$G24 -> 0 | DB24: =CY24/$G24 -> 0 | DC24: 0 | DD24: 0 | DE24: 0 | DF24: =CX24+DC24 -> 0 | DG24: =CY24+DD24 -> 0 | DH24: =DG24-DF24 -> 0 | DI24: =DF24/$G24 -> 0 | DJ24: =DG24/$G24 -> 0 | DK24: 0 | DL24: 0 | DM24: =IFERROR(IF((DL24/DK24)>=1,100%,(DL24/DK24)),0%) -> 0 | DN24: =DF24+DK24 -> 0 | DO24: =DG24+DL24 -> 0 | DP24: =DO24-DN24 -> 0 | DQ24: =DN24/$G24 -> 0 | DR24: =DO24/$G24 -> 0
F25: 테스트 | G25: 1 | H25: 1 | I25: =SUM(L25+T25+AB25+AJ25+AR25+AZ25+BH25+BP25+BX25+CF25+CN25+CV25+DD25+DL25+DT25+EB25+EJ25+ER25+EZ25+FI25+FR25+GB25+GL25+GV25+HF25+HP25+HZ25+IJ25+IT25+JD25+JN25+JX25+KH25+KR25+LB25+LL25+LV25+MF25+MP25+MZ25) -> 0 | J25: =IFERROR(IF((I25/H25)>=1,100%,(I25/H25)),0%) -> 0 | K25: 0 | L25: 0 | M25: =IFERROR(IF((L25/K25)>=1,100%,(L25/K25)),0%) -> 0 | N25: =+K25 -> 0 | O25: =+L25 -> 0 | P25: =O25-N25 -> 0 | Q25: =N25/$G25 -> 0 | R25: =O25/$G25 -> 0 | S25: 0 | T25: 0 | U25: =IFERROR(IF((T25/S25)>=1,100%,(T25/S25)),0%) -> 0 | V25: =N25+S25 -> 0 | W25: =O25+T25 -> 0 | X25: =W25-V25 -> 0 | Y25: =V25/$G25 -> 0 | Z25: =W25/$G25 -> 0 | AA25: 0 | AB25: 0 | AC25: =IFERROR(IF((AB25/AA25)>=1,100%,(AB25/AA25)),0%) -> 0 | AD25: =V25+AA25 -> 0 | AE25: =W25+AB25 -> 0 | AF25: =AE25-AD25 -> 0 | AG25: =AD25/$G25 -> 0 | AH25: =AE25/$G25 -> 0 | AI25: 0 | AJ25: 0 | AK25: =IFERROR(IF((AJ25/AI25)>=1,100%,(AJ25/AI25)),0%) -> 0 | AL25: =AD25+AI25 -> 0 | AM25: =AE25+AJ25 -> 0 | AN25: =AM25-AL25 -> 0 | AO25: =AL25/$G25 -> 0 | AP25: =AM25/$G25 -> 0 | AQ25: 0 | AR25: 0 | AS25: =IFERROR(IF((AR25/AQ25)>=1,100%,(AR25/AQ25)),0%) -> 0 | AT25: =AL25+AQ25 -> 0 | AU25: =AM25+AR25 -> 0 | AV25: =AU25-AT25 -> 0 | AW25: =AT25/$G25 -> 0 | AX25: =AU25/$G25 -> 0 | AY25: 0 | AZ25: 0 | BA25: =IFERROR(IF((AZ25/AY25)>=1,100%,(AZ25/AY25)),0%) -> 0 | BB25: =AT25+AY25 -> 0 | BC25: =AU25+AZ25 -> 0 | BD25: =BC25-BB25 -> 0 | BE25: =BB25/$G25 -> 0 | BF25: =BC25/$G25 -> 0 | BG25: 0 | BH25: 0 | BI25: =IFERROR(IF((BH25/BG25)>=1,100%,(BH25/BG25)),0%) -> 0 | BJ25: =BB25+BG25 -> 0 | BK25: =BC25+BH25 -> 0 | BL25: =BK25-BJ25 -> 0 | BM25: =BJ25/$G25 -> 0 | BN25: =BK25/$G25 -> 0 | BO25: 0 | BP25: 0 | BQ25: =IFERROR(IF((BP25/BO25)>=1,100%,(BP25/BO25)),0%) -> 0 | BR25: =BJ25+BO25 -> 0 | BS25: =BK25+BP25 -> 0 | BT25: =BS25-BR25 -> 0 | BU25: =BR25/$G25 -> 0 | BV25: =BS25/$G25 -> 0 | BW25: 0 | BX25: 0 | BY25: =IFERROR(IF((BX25/BW25)>=1,100%,(BX25/BW25)),0%) -> 0 | BZ25: =BR25+BW25 -> 0 | CA25: =BS25+BX25 -> 0 | CB25: =CA25-BZ25 -> 0 | CC25: =BZ25/$G25 -> 0 | CD25: =CA25/$G25 -> 0 | CE25: 0 | CF25: 0 | CG25: =IFERROR(IF((CF25/CE25)>=1,100%,(CF25/CE25)),0%) -> 0 | CH25: =BZ25+CE25 -> 0 | CI25: =CA25+CF25 -> 0 | CJ25: =CI25-CH25 -> 0 | CK25: =CH25/$G25 -> 0 | CL25: =CI25/$G25 -> 0 | CM25: 0 | CN25: 0 | CO25: =IFERROR(IF((CN25/CM25)>=1,100%,(CN25/CM25)),0%) -> 0 | CP25: =CH25+CM25 -> 0 | CQ25: =CI25+CN25 -> 0 | CR25: =CQ25-CP25 -> 0 | CS25: =CP25/$G25 -> 0 | CT25: =CQ25/$G25 -> 0 | CU25: 0 | CV25: 0 | CW25: =IFERROR(IF((CV25/CU25)>=1,100%,(CV25/CU25)),0%) -> 0 | CX25: =CP25+CU25 -> 0 | CY25: =CQ25+CV25 -> 0 | CZ25: =CY25-CX25 -> 0 | DA25: =CX25/$G25 -> 0 | DB25: =CY25/$G25 -> 0 | DC25: 0 | DD25: 0 | DE25: 0 | DF25: =CX25+DC25 -> 0 | DG25: =CY25+DD25 -> 0 | DH25: =DG25-DF25 -> 0 | DI25: =DF25/$G25 -> 0 | DJ25: =DG25/$G25 -> 0 | DK25: 0 | DL25: 0 | DM25: =IFERROR(IF((DL25/DK25)>=1,100%,(DL25/DK25)),0%) -> 0 | DN25: =DF25+DK25 -> 0 | DO25: =DG25+DL25 -> 0 | DP25: =DO25-DN25 -> 0 | DQ25: =DN25/$G25 -> 0 | DR25: =DO25/$G25 -> 0
C26: 음성대화기능 | D26: 가상공간 음성대화개발 | F26: 설계 | G26: 1 | H26: 1 | I26: =SUM(L26+T26+AB26+AJ26+AR26+AZ26+BH26+BP26+BX26+CF26+CN26+CV26+DD26+DL26+DT26+EB26+EJ26+ER26+EZ26+FI26+FR26+GB26+GL26+GV26+HF26+HP26+HZ26+IJ26+IT26+JD26+JN26+JX26+KH26+KR26+LB26+LL26+LV26+MF26+MP26+MZ26) -> 0 | J26: =IFERROR(IF((I26/H26)>=1,100%,(I26/H26)),0%) -> 0 | K26: 0 | L26: 0 | M26: =IFERROR(IF((L26/K26)>=1,100%,(L26/K26)),0%) -> 0 | N26: =+K26 -> 0 | O26: =+L26 -> 0 | P26: =O26-N26 -> 0 | Q26: =N26/$G26 -> 0 | R26: =O26/$G26 -> 0 | S26: 0 | T26: 0 | U26: =IFERROR(IF((T26/S26)>=1,100%,(T26/S26)),0%) -> 0 | V26: =N26+S26 -> 0 | W26: =O26+T26 -> 0 | X26: =W26-V26 -> 0 | Y26: =V26/$G26 -> 0 | Z26: =W26/$G26 -> 0 | AA26: 0 | AB26: 0 | AC26: =IFERROR(IF((AB26/AA26)>=1,100%,(AB26/AA26)),0%) -> 0 | AD26: =V26+AA26 -> 0 | AE26: =W26+AB26 -> 0 | AF26: =AE26-AD26 -> 0 | AG26: =AD26/$G26 -> 0 | AH26: =AE26/$G26 -> 0 | AI26: 0 | AJ26: 0 | AK26: =IFERROR(IF((AJ26/AI26)>=1,100%,(AJ26/AI26)),0%) -> 0 | AL26: =AD26+AI26 -> 0 | AM26: =AE26+AJ26 -> 0 | AN26: =AM26-AL26 -> 0 | AO26: =AL26/$G26 -> 0 | AP26: =AM26/$G26 -> 0 | AQ26: 0 | AR26: 0 | AS26: =IFERROR(IF((AR26/AQ26)>=1,100%,(AR26/AQ26)),0%) -> 0 | AT26: =AL26+AQ26 -> 0 | AU26: =AM26+AR26 -> 0 | AV26: =AU26-AT26 -> 0 | AW26: =AT26/$G26 -> 0 | AX26: =AU26/$G26 -> 0 | AY26: 0 | AZ26: 0 | BA26: =IFERROR(IF((AZ26/AY26)>=1,100%,(AZ26/AY26)),0%) -> 0 | BB26: =AT26+AY26 -> 0 | BC26: =AU26+AZ26 -> 0 | BD26: =BC26-BB26 -> 0 | BE26: =BB26/$G26 -> 0 | BF26: =BC26/$G26 -> 0 | BG26: 0 | BH26: 0 | BI26: =IFERROR(IF((BH26/BG26)>=1,100%,(BH26/BG26)),0%) -> 0 | BJ26: =BB26+BG26 -> 0 | BK26: =BC26+BH26 -> 0 | BL26: =BK26-BJ26 -> 0 | BM26: =BJ26/$G26 -> 0 | BN26: =BK26/$G26 -> 0 | BO26: 0 | BP26: 0 | BQ26: =IFERROR(IF((BP26/BO26)>=1,100%,(BP26/BO26)),0%) -> 0 | BR26: =BJ26+BO26 -> 0 | BS26: =BK26+BP26 -> 0 | BT26: =BS26-BR26 -> 0 | BU26: =BR26/$G26 -> 0 | BV26: =BS26/$G26 -> 0 | BW26: 0 | BX26: 0 | BY26: =IFERROR(IF((BX26/BW26)>=1,100%,(BX26/BW26)),0%) -> 0 | BZ26: =BR26+BW26 -> 0 | CA26: =BS26+BX26 -> 0 | CB26: =CA26-BZ26 -> 0 | CC26: =BZ26/$G26 -> 0 | CD26: =CA26/$G26 -> 0 | CE26: 0 | CF26: 0 | CG26: =IFERROR(IF((CF26/CE26)>=1,100%,(CF26/CE26)),0%) -> 0 | CH26: =BZ26+CE26 -> 0 | CI26: =CA26+CF26 -> 0 | CJ26: =CI26-CH26 -> 0 | CK26: =CH26/$G26 -> 0 | CL26: =CI26/$G26 -> 0 | CM26: 0 | CN26: 0 | CO26: =IFERROR(IF((CN26/CM26)>=1,100%,(CN26/CM26)),0%) -> 0 | CP26: =CH26+CM26 -> 0 | CQ26: =CI26+CN26 -> 0 | CR26: =CQ26-CP26 -> 0 | CS26: =CP26/$G26 -> 0 | CT26: =CQ26/$G26 -> 0 | CU26: 0 | CV26: 0 | CW26: =IFERROR(IF((CV26/CU26)>=1,100%,(CV26/CU26)),0%) -> 0 | CX26: =CP26+CU26 -> 0 | CY26: =CQ26+CV26 -> 0 | CZ26: =CY26-CX26 -> 0 | DA26: =CX26/$G26 -> 0 | DB26: =CY26/$G26 -> 0 | DC26: 0 | DD26: 0 | DE26: 0 | DF26: =CX26+DC26 -> 0 | DG26: =CY26+DD26 -> 0 | DH26: =DG26-DF26 -> 0 | DI26: =DF26/$G26 -> 0 | DJ26: =DG26/$G26 -> 0 | DK26: 0 | DL26: 0 | DM26: =IFERROR(IF((DL26/DK26)>=1,100%,(DL26/DK26)),0%) -> 0 | DN26: =DF26+DK26 -> 0 | DO26: =DG26+DL26 -> 0 | DP26: =DO26-DN26 -> 0 | DQ26: =DN26/$G26 -> 0 | DR26: =DO26/$G26 -> 0
F27: 구현 | G27: 1 | H27: 1 | I27: =SUM(L27+T27+AB27+AJ27+AR27+AZ27+BH27+BP27+BX27+CF27+CN27+CV27+DD27+DL27+DT27+EB27+EJ27+ER27+EZ27+FI27+FR27+GB27+GL27+GV27+HF27+HP27+HZ27+IJ27+IT27+JD27+JN27+JX27+KH27+KR27+LB27+LL27+LV27+MF27+MP27+MZ27) -> 0 | J27: =IFERROR(IF((I27/H27)>=1,100%,(I27/H27)),0%) -> 0 | K27: 0 | L27: 0 | M27: =IFERROR(IF((L27/K27)>=1,100%,(L27/K27)),0%) -> 0 | N27: =+K27 -> 0 | O27: =+L27 -> 0 | P27: =O27-N27 -> 0 | Q27: =N27/$G27 -> 0 | R27: =O27/$G27 -> 0 | S27: 0 | T27: 0 | U27: =IFERROR(IF((T27/S27)>=1,100%,(T27/S27)),0%) -> 0 | V27: =N27+S27 -> 0 | W27: =O27+T27 -> 0 | X27: =W27-V27 -> 0 | Y27: =V27/$G27 -> 0 | Z27: =W27/$G27 -> 0 | AA27: 0 | AB27: 0 | AC27: =IFERROR(IF((AB27/AA27)>=1,100%,(AB27/AA27)),0%) -> 0 | AD27: =V27+AA27 -> 0 | AE27: =W27+AB27 -> 0 | AF27: =AE27-AD27 -> 0 | AG27: =AD27/$G27 -> 0 | AH27: =AE27/$G27 -> 0 | AI27: 0 | AJ27: 0 | AK27: =IFERROR(IF((AJ27/AI27)>=1,100%,(AJ27/AI27)),0%) -> 0 | AL27: =AD27+AI27 -> 0 | AM27: =AE27+AJ27 -> 0 | AN27: =AM27-AL27 -> 0 | AO27: =AL27/$G27 -> 0 | AP27: =AM27/$G27 -> 0 | AQ27: 0 | AR27: 0 | AS27: =IFERROR(IF((AR27/AQ27)>=1,100%,(AR27/AQ27)),0%) -> 0 | AT27: =AL27+AQ27 -> 0 | AU27: =AM27+AR27 -> 0 | AV27: =AU27-AT27 -> 0 | AW27: =AT27/$G27 -> 0 | AX27: =AU27/$G27 -> 0 | AY27: 0 | AZ27: 0 | BA27: =IFERROR(IF((AZ27/AY27)>=1,100%,(AZ27/AY27)),0%) -> 0 | BB27: =AT27+AY27 -> 0 | BC27: =AU27+AZ27 -> 0 | BD27: =BC27-BB27 -> 0 | BE27: =BB27/$G27 -> 0 | BF27: =BC27/$G27 -> 0 | BG27: 0 | BH27: 0 | BI27: =IFERROR(IF((BH27/BG27)>=1,100%,(BH27/BG27)),0%) -> 0 | BJ27: =BB27+BG27 -> 0 | BK27: =BC27+BH27 -> 0 | BL27: =BK27-BJ27 -> 0 | BM27: =BJ27/$G27 -> 0 | BN27: =BK27/$G27 -> 0 | BO27: 0 | BP27: 0 | BQ27: =IFERROR(IF((BP27/BO27)>=1,100%,(BP27/BO27)),0%) -> 0 | BR27: =BJ27+BO27 -> 0 | BS27: =BK27+BP27 -> 0 | BT27: =BS27-BR27 -> 0 | BU27: =BR27/$G27 -> 0 | BV27: =BS27/$G27 -> 0 | BW27: 0 | BX27: 0 | BY27: =IFERROR(IF((BX27/BW27)>=1,100%,(BX27/BW27)),0%) -> 0 | BZ27: =BR27+BW27 -> 0 | CA27: =BS27+BX27 -> 0 | CB27: =CA27-BZ27 -> 0 | CC27: =BZ27/$G27 -> 0 | CD27: =CA27/$G27 -> 0 | CE27: 0 | CF27: 0 | CG27: =IFERROR(IF((CF27/CE27)>=1,100%,(CF27/CE27)),0%) -> 0 | CH27: =BZ27+CE27 -> 0 | CI27: =CA27+CF27 -> 0 | CJ27: =CI27-CH27 -> 0 | CK27: =CH27/$G27 -> 0 | CL27: =CI27/$G27 -> 0 | CM27: 0 | CN27: 0 | CO27: =IFERROR(IF((CN27/CM27)>=1,100%,(CN27/CM27)),0%) -> 0 | CP27: =CH27+CM27 -> 0 | CQ27: =CI27+CN27 -> 0 | CR27: =CQ27-CP27 -> 0 | CS27: =CP27/$G27 -> 0 | CT27: =CQ27/$G27 -> 0 | CU27: 0 | CV27: 0 | CW27: =IFERROR(IF((CV27/CU27)>=1,100%,(CV27/CU27)),0%) -> 0 | CX27: =CP27+CU27 -> 0 | CY27: =CQ27+CV27 -> 0 | CZ27: =CY27-CX27 -> 0 | DA27: =CX27/$G27 -> 0 | DB27: =CY27/$G27 -> 0 | DC27: 0 | DD27: 0 | DE27: 0 | DF27: =CX27+DC27 -> 0 | DG27: =CY27+DD27 -> 0 | DH27: =DG27-DF27 -> 0 | DI27: =DF27/$G27 -> 0 | DJ27: =DG27/$G27 -> 0 | DK27: 0 | DL27: 0 | DM27: =IFERROR(IF((DL27/DK27)>=1,100%,(DL27/DK27)),0%) -> 0 | DN27: =DF27+DK27 -> 0 | DO27: =DG27+DL27 -> 0 | DP27: =DO27-DN27 -> 0 | DQ27: =DN27/$G27 -> 0 | DR27: =DO27/$G27 -> 0
F28: 테스트 | G28: 1 | H28: 1 | I28: =SUM(L28+T28+AB28+AJ28+AR28+AZ28+BH28+BP28+BX28+CF28+CN28+CV28+DD28+DL28+DT28+EB28+EJ28+ER28+EZ28+FI28+FR28+GB28+GL28+GV28+HF28+HP28+HZ28+IJ28+IT28+JD28+JN28+JX28+KH28+KR28+LB28+LL28+LV28+MF28+MP28+MZ28) -> 0 | J28: =IFERROR(IF((I28/H28)>=1,100%,(I28/H28)),0%) -> 0 | K28: 0 | L28: 0 | M28: =IFERROR(IF((L28/K28)>=1,100%,(L28/K28)),0%) -> 0 | N28: =+K28 -> 0 | O28: =+L28 -> 0 | P28: =O28-N28 -> 0 | Q28: =N28/$G28 -> 0 | R28: =O28/$G28 -> 0 | S28: 0 | T28: 0 | U28: =IFERROR(IF((T28/S28)>=1,100%,(T28/S28)),0%) -> 0 | V28: =N28+S28 -> 0 | W28: =O28+T28 -> 0 | X28: =W28-V28 -> 0 | Y28: =V28/$G28 -> 0 | Z28: =W28/$G28 -> 0 | AA28: 0 | AB28: 0 | AC28: =IFERROR(IF((AB28/AA28)>=1,100%,(AB28/AA28)),0%) -> 0 | AD28: =V28+AA28 -> 0 | AE28: =W28+AB28 -> 0 | AF28: =AE28-AD28 -> 0 | AG28: =AD28/$G28 -> 0 | AH28: =AE28/$G28 -> 0 | AI28: 0 | AJ28: 0 | AK28: =IFERROR(IF((AJ28/AI28)>=1,100%,(AJ28/AI28)),0%) -> 0 | AL28: =AD28+AI28 -> 0 | AM28: =AE28+AJ28 -> 0 | AN28: =AM28-AL28 -> 0 | AO28: =AL28/$G28 -> 0 | AP28: =AM28/$G28 -> 0 | AQ28: 0 | AR28: 0 | AS28: =IFERROR(IF((AR28/AQ28)>=1,100%,(AR28/AQ28)),0%) -> 0 | AT28: =AL28+AQ28 -> 0 | AU28: =AM28+AR28 -> 0 | AV28: =AU28-AT28 -> 0 | AW28: =AT28/$G28 -> 0 | AX28: =AU28/$G28 -> 0 | AY28: 0 | AZ28: 0 | BA28: =IFERROR(IF((AZ28/AY28)>=1,100%,(AZ28/AY28)),0%) -> 0 | BB28: =AT28+AY28 -> 0 | BC28: =AU28+AZ28 -> 0 | BD28: =BC28-BB28 -> 0 | BE28: =BB28/$G28 -> 0 | BF28: =BC28/$G28 -> 0 | BG28: 0 | BH28: 0 | BI28: =IFERROR(IF((BH28/BG28)>=1,100%,(BH28/BG28)),0%) -> 0 | BJ28: =BB28+BG28 -> 0 | BK28: =BC28+BH28 -> 0 | BL28: =BK28-BJ28 -> 0 | BM28: =BJ28/$G28 -> 0 | BN28: =BK28/$G28 -> 0 | BO28: 0 | BP28: 0 | BQ28: =IFERROR(IF((BP28/BO28)>=1,100%,(BP28/BO28)),0%) -> 0 | BR28: =BJ28+BO28 -> 0 | BS28: =BK28+BP28 -> 0 | BT28: =BS28-BR28 -> 0 | BU28: =BR28/$G28 -> 0 | BV28: =BS28/$G28 -> 0 | BW28: 0 | BX28: 0 | BY28: =IFERROR(IF((BX28/BW28)>=1,100%,(BX28/BW28)),0%) -> 0 | BZ28: =BR28+BW28 -> 0 | CA28: =BS28+BX28 -> 0 | CB28: =CA28-BZ28 -> 0 | CC28: =BZ28/$G28 -> 0 | CD28: =CA28/$G28 -> 0 | CE28: 0 | CF28: 0 | CG28: =IFERROR(IF((CF28/CE28)>=1,100%,(CF28/CE28)),0%) -> 0 | CH28: =BZ28+CE28 -> 0 | CI28: =CA28+CF28 -> 0 | CJ28: =CI28-CH28 -> 0 | CK28: =CH28/$G28 -> 0 | CL28: =CI28/$G28 -> 0 | CM28: 0 | CN28: 0 | CO28: =IFERROR(IF((CN28/CM28)>=1,100%,(CN28/CM28)),0%) -> 0 | CP28: =CH28+CM28 -> 0 | CQ28: =CI28+CN28 -> 0 | CR28: =CQ28-CP28 -> 0 | CS28: =CP28/$G28 -> 0 | CT28: =CQ28/$G28 -> 0 | CU28: 0 | CV28: 0 | CW28: =IFERROR(IF((CV28/CU28)>=1,100%,(CV28/CU28)),0%) -> 0 | CX28: =CP28+CU28 -> 0 | CY28: =CQ28+CV28 -> 0 | CZ28: =CY28-CX28 -> 0 | DA28: =CX28/$G28 -> 0 | DB28: =CY28/$G28 -> 0 | DC28: 0 | DD28: 0 | DE28: 0 | DF28: =CX28+DC28 -> 0 | DG28: =CY28+DD28 -> 0 | DH28: =DG28-DF28 -> 0 | DI28: =DF28/$G28 -> 0 | DJ28: =DG28/$G28 -> 0 | DK28: 0 | DL28: 0 | DM28: =IFERROR(IF((DL28/DK28)>=1,100%,(DL28/DK28)),0%) -> 0 | DN28: =DF28+DK28 -> 0 | DO28: =DG28+DL28 -> 0 | DP28: =DO28-DN28 -> 0 | DQ28: =DN28/$G28 -> 0 | DR28: =DO28/$G28 -> 0
B29: 건축정보데이터 | C29: 국토교통부 및 각종 데이터 수집 및 데이터정규화 | D29: 토지,지적,건축개발등 각종정보 | F29: 데이터 수집 | G29: 1 | H29: 1 | I29: =SUM(L29+T29+AB29+AJ29+AR29+AZ29+BH29+BP29+BX29+CF29+CN29+CV29+DD29+DL29+DT29+EB29+EJ29+ER29+EZ29+FI29+FR29+GB29+GL29+GV29+HF29+HP29+HZ29+IJ29+IT29+JD29+JN29+JX29+KH29+KR29+LB29+LL29+LV29+MF29+MP29+MZ29) -> 0 | J29: =IFERROR(IF((I29/H29)>=1,100%,(I29/H29)),0%) -> 0 | K29: 0 | L29: 0 | M29: =IFERROR(IF((L29/K29)>=1,100%,(L29/K29)),0%) -> 0 | N29: =+K29 -> 0 | O29: =+L29 -> 0 | P29: =O29-N29 -> 0 | Q29: =N29/$G29 -> 0 | R29: =O29/$G29 -> 0 | S29: 0 | T29: 0 | U29: =IFERROR(IF((T29/S29)>=1,100%,(T29/S29)),0%) -> 0 | V29: =N29+S29 -> 0 | W29: =O29+T29 -> 0 | X29: =W29-V29 -> 0 | Y29: =V29/$G29 -> 0 | Z29: =W29/$G29 -> 0 | AA29: 0 | AB29: 0 | AC29: =IFERROR(IF((AB29/AA29)>=1,100%,(AB29/AA29)),0%) -> 0 | AD29: =V29+AA29 -> 0 | AE29: =W29+AB29 -> 0 | AF29: =AE29-AD29 -> 0 | AG29: =AD29/$G29 -> 0 | AH29: =AE29/$G29 -> 0 | AI29: 0 | AJ29: 0 | AK29: =IFERROR(IF((AJ29/AI29)>=1,100%,(AJ29/AI29)),0%) -> 0 | AL29: =AD29+AI29 -> 0 | AM29: =AE29+AJ29 -> 0 | AN29: =AM29-AL29 -> 0 | AO29: =AL29/$G29 -> 0 | AP29: =AM29/$G29 -> 0 | AQ29: 0 | AR29: 0 | AS29: =IFERROR(IF((AR29/AQ29)>=1,100%,(AR29/AQ29)),0%) -> 0 | AT29: =AL29+AQ29 -> 0 | AU29: =AM29+AR29 -> 0 | AV29: =AU29-AT29 -> 0 | AW29: =AT29/$G29 -> 0 | AX29: =AU29/$G29 -> 0 | AY29: 0 | AZ29: 0 | BA29: =IFERROR(IF((AZ29/AY29)>=1,100%,(AZ29/AY29)),0%) -> 0 | BB29: =AT29+AY29 -> 0 | BC29: =AU29+AZ29 -> 0 | BD29: =BC29-BB29 -> 0 | BE29: =BB29/$G29 -> 0 | BF29: =BC29/$G29 -> 0 | BG29: 0 | BH29: 0 | BI29: =IFERROR(IF((BH29/BG29)>=1,100%,(BH29/BG29)),0%) -> 0 | BJ29: =BB29+BG29 -> 0 | BK29: =BC29+BH29 -> 0 | BL29: =BK29-BJ29 -> 0 | BM29: =BJ29/$G29 -> 0 | BN29: =BK29/$G29 -> 0 | BO29: 0 | BP29: 0 | BQ29: =IFERROR(IF((BP29/BO29)>=1,100%,(BP29/BO29)),0%) -> 0 | BR29: =BJ29+BO29 -> 0 | BS29: =BK29+BP29 -> 0 | BT29: =BS29-BR29 -> 0 | BU29: =BR29/$G29 -> 0 | BV29: =BS29/$G29 -> 0 | BW29: 0 | BX29: 0 | BY29: =IFERROR(IF((BX29/BW29)>=1,100%,(BX29/BW29)),0%) -> 0 | BZ29: =BR29+BW29 -> 0 | CA29: =BS29+BX29 -> 0 | CB29: =CA29-BZ29 -> 0 | CC29: =BZ29/$G29 -> 0 | CD29: =CA29/$G29 -> 0 | CE29: 0 | CF29: 0 | CG29: =IFERROR(IF((CF29/CE29)>=1,100%,(CF29/CE29)),0%) -> 0 | CH29: =BZ29+CE29 -> 0 | CI29: =CA29+CF29 -> 0 | CJ29: =CI29-CH29 -> 0 | CK29: =CH29/$G29 -> 0 | CL29: =CI29/$G29 -> 0 | CM29: 0 | CN29: 0 | CO29: =IFERROR(IF((CN29/CM29)>=1,100%,(CN29/CM29)),0%) -> 0 | CP29: =CH29+CM29 -> 0 | CQ29: =CI29+CN29 -> 0 | CR29: =CQ29-CP29 -> 0 | CS29: =CP29/$G29 -> 0 | CT29: =CQ29/$G29 -> 0 | CU29: 0 | CV29: 0 | CW29: =IFERROR(IF((CV29/CU29)>=1,100%,(CV29/CU29)),0%) -> 0 | CX29: =CP29+CU29 -> 0 | CY29: =CQ29+CV29 -> 0 | CZ29: =CY29-CX29 -> 0 | DA29: =CX29/$G29 -> 0 | DB29: =CY29/$G29 -> 0 | DC29: 0 | DD29: 0 | DE29: 0 | DF29: =CX29+DC29 -> 0 | DG29: =CY29+DD29 -> 0 | DH29: =DG29-DF29 -> 0 | DI29: =DF29/$G29 -> 0 | DJ29: =DG29/$G29 -> 0 | DK29: 0 | DL29: 0 | DM29: =IFERROR(IF((DL29/DK29)>=1,100%,(DL29/DK29)),0%) -> 0 | DN29: =DF29+DK29 -> 0 | DO29: =DG29+DL29 -> 0 | DP29: =DO29-DN29 -> 0 | DQ29: =DN29/$G29 -> 0 | DR29: =DO29/$G29 -> 0
F30: 데이터 정규화 | G30: 1 | H30: 1 | I30: =SUM(L30+T30+AB30+AJ30+AR30+AZ30+BH30+BP30+BX30+CF30+CN30+CV30+DD30+DL30+DT30+EB30+EJ30+ER30+EZ30+FI30+FR30+GB30+GL30+GV30+HF30+HP30+HZ30+IJ30+IT30+JD30+JN30+JX30+KH30+KR30+LB30+LL30+LV30+MF30+MP30+MZ30) -> 0 | J30: =IFERROR(IF((I30/H30)>=1,100%,(I30/H30)),0%) -> 0 | K30: 0 | L30: 0 | M30: =IFERROR(IF((L30/K30)>=1,100%,(L30/K30)),0%) -> 0 | N30: =+K30 -> 0 | O30: =+L30 -> 0 | P30: =O30-N30 -> 0 | Q30: =N30/$G30 -> 0 | R30: =O30/$G30 -> 0 | S30: 0 | T30: 0 | U30: =IFERROR(IF((T30/S30)>=1,100%,(T30/S30)),0%) -> 0 | V30: =N30+S30 -> 0 | W30: =O30+T30 -> 0 | X30: =W30-V30 -> 0 | Y30: =V30/$G30 -> 0 | Z30: =W30/$G30 -> 0 | AA30: 0 | AB30: 0 | AC30: =IFERROR(IF((AB30/AA30)>=1,100%,(AB30/AA30)),0%) -> 0 | AD30: =V30+AA30 -> 0 | AE30: =W30+AB30 -> 0 | AF30: =AE30-AD30 -> 0 | AG30: =AD30/$G30 -> 0 | AH30: =AE30/$G30 -> 0 | AI30: 0 | AJ30: 0 | AK30: =IFERROR(IF((AJ30/AI30)>=1,100%,(AJ30/AI30)),0%) -> 0 | AL30: =AD30+AI30 -> 0 | AM30: =AE30+AJ30 -> 0 | AN30: =AM30-AL30 -> 0 | AO30: =AL30/$G30 -> 0 | AP30: =AM30/$G30 -> 0 | AQ30: 0 | AR30: 0 | AS30: =IFERROR(IF((AR30/AQ30)>=1,100%,(AR30/AQ30)),0%) -> 0 | AT30: =AL30+AQ30 -> 0 | AU30: =AM30+AR30 -> 0 | AV30: =AU30-AT30 -> 0 | AW30: =AT30/$G30 -> 0 | AX30: =AU30/$G30 -> 0 | AY30: 0 | AZ30: 0 | BA30: =IFERROR(IF((AZ30/AY30)>=1,100%,(AZ30/AY30)),0%) -> 0 | BB30: =AT30+AY30 -> 0 | BC30: =AU30+AZ30 -> 0 | BD30: =BC30-BB30 -> 0 | BE30: =BB30/$G30 -> 0 | BF30: =BC30/$G30 -> 0 | BG30: 0 | BH30: 0 | BI30: =IFERROR(IF((BH30/BG30)>=1,100%,(BH30/BG30)),0%) -> 0 | BJ30: =BB30+BG30 -> 0 | BK30: =BC30+BH30 -> 0 | BL30: =BK30-BJ30 -> 0 | BM30: =BJ30/$G30 -> 0 | BN30: =BK30/$G30 -> 0 | BO30: 0 | BP30: 0 | BQ30: =IFERROR(IF((BP30/BO30)>=1,100%,(BP30/BO30)),0%) -> 0 | BR30: =BJ30+BO30 -> 0 | BS30: =BK30+BP30 -> 0 | BT30: =BS30-BR30 -> 0 | BU30: =BR30/$G30 -> 0 | BV30: =BS30/$G30 -> 0 | BW30: 0 | BX30: 0 | BY30: =IFERROR(IF((BX30/BW30)>=1,100%,(BX30/BW30)),0%) -> 0 | BZ30: =BR30+BW30 -> 0 | CA30: =BS30+BX30 -> 0 | CB30: =CA30-BZ30 -> 0 | CC30: =BZ30/$G30 -> 0 | CD30: =CA30/$G30 -> 0 | CE30: 0 | CF30: 0 | CG30: =IFERROR(IF((CF30/CE30)>=1,100%,(CF30/CE30)),0%) -> 0 | CH30: =BZ30+CE30 -> 0 | CI30: =CA30+CF30 -> 0 | CJ30: =CI30-CH30 -> 0 | CK30: =CH30/$G30 -> 0 | CL30: =CI30/$G30 -> 0 | CM30: 0 | CN30: 0 | CO30: =IFERROR(IF((CN30/CM30)>=1,100%,(CN30/CM30)),0%) -> 0 | CP30: =CH30+CM30 -> 0 | CQ30: =CI30+CN30 -> 0 | CR30: =CQ30-CP30 -> 0 | CS30: =CP30/$G30 -> 0 | CT30: =CQ30/$G30 -> 0 | CU30: 0 | CV30: 0 | CW30: =IFERROR(IF((CV30/CU30)>=1,100%,(CV30/CU30)),0%) -> 0 | CX30: =CP30+CU30 -> 0 | CY30: =CQ30+CV30 -> 0 | CZ30: =CY30-CX30 -> 0 | DA30: =CX30/$G30 -> 0 | DB30: =CY30/$G30 -> 0 | DC30: 0 | DD30: 0 | DE30: 0 | DF30: =CX30+DC30 -> 0 | DG30: =CY30+DD30 -> 0 | DH30: =DG30-DF30 -> 0 | DI30: =DF30/$G30 -> 0 | DJ30: =DG30/$G30 -> 0 | DK30: 0 | DL30: 0 | DM30: =IFERROR(IF((DL30/DK30)>=1,100%,(DL30/DK30)),0%) -> 0 | DN30: =DF30+DK30 -> 0 | DO30: =DG30+DL30 -> 0 | DP30: =DO30-DN30 -> 0 | DQ30: =DN30/$G30 -> 0 | DR30: =DO30/$G30 -> 0
F31: 데이터 연동 | G31: 1 | H31: 1 | I31: =SUM(L31+T31+AB31+AJ31+AR31+AZ31+BH31+BP31+BX31+CF31+CN31+CV31+DD31+DL31+DT31+EB31+EJ31+ER31+EZ31+FI31+FR31+GB31+GL31+GV31+HF31+HP31+HZ31+IJ31+IT31+JD31+JN31+JX31+KH31+KR31+LB31+LL31+LV31+MF31+MP31+MZ31) -> 0 | J31: =IFERROR(IF((I31/H31)>=1,100%,(I31/H31)),0%) -> 0 | K31: 0 | L31: 0 | M31: =IFERROR(IF((L31/K31)>=1,100%,(L31/K31)),0%) -> 0 | N31: =+K31 -> 0 | O31: =+L31 -> 0 | P31: =O31-N31 -> 0 | Q31: =N31/$G31 -> 0 | R31: =O31/$G31 -> 0 | S31: 0 | T31: 0 | U31: =IFERROR(IF((T31/S31)>=1,100%,(T31/S31)),0%) -> 0 | V31: =N31+S31 -> 0 | W31: =O31+T31 -> 0 | X31: =W31-V31 -> 0 | Y31: =V31/$G31 -> 0 | Z31: =W31/$G31 -> 0 | AA31: 0 | AB31: 0 | AC31: =IFERROR(IF((AB31/AA31)>=1,100%,(AB31/AA31)),0%) -> 0 | AD31: =V31+AA31 -> 0 | AE31: =W31+AB31 -> 0 | AF31: =AE31-AD31 -> 0 | AG31: =AD31/$G31 -> 0 | AH31: =AE31/$G31 -> 0 | AI31: 0 | AJ31: 0 | AK31: =IFERROR(IF((AJ31/AI31)>=1,100%,(AJ31/AI31)),0%) -> 0 | AL31: =AD31+AI31 -> 0 | AM31: =AE31+AJ31 -> 0 | AN31: =AM31-AL31 -> 0 | AO31: =AL31/$G31 -> 0 | AP31: =AM31/$G31 -> 0 | AQ31: 0 | AR31: 0 | AS31: =IFERROR(IF((AR31/AQ31)>=1,100%,(AR31/AQ31)),0%) -> 0 | AT31: =AL31+AQ31 -> 0 | AU31: =AM31+AR31 -> 0 | AV31: =AU31-AT31 -> 0 | AW31: =AT31/$G31 -> 0 | AX31: =AU31/$G31 -> 0 | AY31: 0 | AZ31: 0 | BA31: =IFERROR(IF((AZ31/AY31)>=1,100%,(AZ31/AY31)),0%) -> 0 | BB31: =AT31+AY31 -> 0 | BC31: =AU31+AZ31 -> 0 | BD31: =BC31-BB31 -> 0 | BE31: =BB31/$G31 -> 0 | BF31: =BC31/$G31 -> 0 | BG31: 0 | BH31: 0 | BI31: =IFERROR(IF((BH31/BG31)>=1,100%,(BH31/BG31)),0%) -> 0 | BJ31: =BB31+BG31 -> 0 | BK31: =BC31+BH31 -> 0 | BL31: =BK31-BJ31 -> 0 | BM31: =BJ31/$G31 -> 0 | BN31: =BK31/$G31 -> 0 | BO31: 0 | BP31: 0 | BQ31: =IFERROR(IF((BP31/BO31)>=1,100%,(BP31/BO31)),0%) -> 0 | BR31: =BJ31+BO31 -> 0 | BS31: =BK31+BP31 -> 0 | BT31: =BS31-BR31 -> 0 | BU31: =BR31/$G31 -> 0 | BV31: =BS31/$G31 -> 0 | BW31: 0 | BX31: 0 | BY31: =IFERROR(IF((BX31/BW31)>=1,100%,(BX31/BW31)),0%) -> 0 | BZ31: =BR31+BW31 -> 0 | CA31: =BS31+BX31 -> 0 | CB31: =CA31-BZ31 -> 0 | CC31: =BZ31/$G31 -> 0 | CD31: =CA31/$G31 -> 0 | CE31: 0 | CF31: 0 | CG31: =IFERROR(IF((CF31/CE31)>=1,100%,(CF31/CE31)),0%) -> 0 | CH31: =BZ31+CE31 -> 0 | CI31: =CA31+CF31 -> 0 | CJ31: =CI31-CH31 -> 0 | CK31: =CH31/$G31 -> 0 | CL31: =CI31/$G31 -> 0 | CM31: 0 | CN31: 0 | CO31: =IFERROR(IF((CN31/CM31)>=1,100%,(CN31/CM31)),0%) -> 0 | CP31: =CH31+CM31 -> 0 | CQ31: =CI31+CN31 -> 0 | CR31: =CQ31-CP31 -> 0 | CS31: =CP31/$G31 -> 0 | CT31: =CQ31/$G31 -> 0 | CU31: 0 | CV31: 0 | CW31: =IFERROR(IF((CV31/CU31)>=1,100%,(CV31/CU31)),0%) -> 0 | CX31: =CP31+CU31 -> 0 | CY31: =CQ31+CV31 -> 0 | CZ31: =CY31-CX31 -> 0 | DA31: =CX31/$G31 -> 0 | DB31: =CY31/$G31 -> 0 | DC31: 0 | DD31: 0 | DE31: 0 | DF31: =CX31+DC31 -> 0 | DG31: =CY31+DD31 -> 0 | DH31: =DG31-DF31 -> 0 | DI31: =DF31/$G31 -> 0 | DJ31: =DG31/$G31 -> 0 | DK31: 0 | DL31: 0 | DM31: =IFERROR(IF((DL31/DK31)>=1,100%,(DL31/DK31)),0%) -> 0 | DN31: =DF31+DK31 -> 0 | DO31: =DG31+DL31 -> 0 | DP31: =DO31-DN31 -> 0 | DQ31: =DN31/$G31 -> 0 | DR31: =DO31/$G31 -> 0
B32: UI 설계 및 연동 데이터 시뮬레이션 | C32: UI 정보연동 | D32: CVS, XML,SHP등 데이터를 UI 정보창에 연동 | E32: 1 | F32: UI/UX 설계 | G32: 1 | H32: 1 | I32: =SUM(L32+T32+AB32+AJ32+AR32+AZ32+BH32+BP32+BX32+CF32+CN32+CV32+DD32+DL32+DT32+EB32+EJ32+ER32+EZ32+FI32+FR32+GB32+GL32+GV32+HF32+HP32+HZ32+IJ32+IT32+JD32+JN32+JX32+KH32+KR32+LB32+LL32+LV32+MF32+MP32+MZ32) -> 0 | J32: =IFERROR(IF((I32/H32)>=1,100%,(I32/H32)),0%) -> 0 | K32: 0 | L32: 0 | M32: =IFERROR(IF((L32/K32)>=1,100%,(L32/K32)),0%) -> 0 | N32: =+K32 -> 0 | O32: =+L32 -> 0 | P32: =O32-N32 -> 0 | Q32: =N32/$G32 -> 0 | R32: =O32/$G32 -> 0 | S32: 0 | T32: 0 | U32: =IFERROR(IF((T32/S32)>=1,100%,(T32/S32)),0%) -> 0 | V32: =N32+S32 -> 0 | W32: =O32+T32 -> 0 | X32: =W32-V32 -> 0 | Y32: =V32/$G32 -> 0 | Z32: =W32/$G32 -> 0 | AA32: 0 | AB32: 0 | AC32: =IFERROR(IF((AB32/AA32)>=1,100%,(AB32/AA32)),0%) -> 0 | AD32: =V32+AA32 -> 0 | AE32: =W32+AB32 -> 0 | AF32: =AE32-AD32 -> 0 | AG32: =AD32/$G32 -> 0 | AH32: =AE32/$G32 -> 0 | AI32: 0 | AJ32: 0 | AK32: =IFERROR(IF((AJ32/AI32)>=1,100%,(AJ32/AI32)),0%) -> 0 | AL32: =AD32+AI32 -> 0 | AM32: =AE32+AJ32 -> 0 | AN32: =AM32-AL32 -> 0 | AO32: =AL32/$G32 -> 0 | AP32: =AM32/$G32 -> 0 | AQ32: 0 | AR32: 0 | AS32: =IFERROR(IF((AR32/AQ32)>=1,100%,(AR32/AQ32)),0%) -> 0 | AT32: =AL32+AQ32 -> 0 | AU32: =AM32+AR32 -> 0 | AV32: =AU32-AT32 -> 0 | AW32: =AT32/$G32 -> 0 | AX32: =AU32/$G32 -> 0 | AY32: 0 | AZ32: 0 | BA32: =IFERROR(IF((AZ32/AY32)>=1,100%,(AZ32/AY32)),0%) -> 0 | BB32: =AT32+AY32 -> 0 | BC32: =AU32+AZ32 -> 0 | BD32: =BC32-BB32 -> 0 | BE32: =BB32/$G32 -> 0 | BF32: =BC32/$G32 -> 0 | BG32: 0 | BH32: 0 | BI32: =IFERROR(IF((BH32/BG32)>=1,100%,(BH32/BG32)),0%) -> 0 | BJ32: =BB32+BG32 -> 0 | BK32: =BC32+BH32 -> 0 | BL32: =BK32-BJ32 -> 0 | BM32: =BJ32/$G32 -> 0 | BN32: =BK32/$G32 -> 0 | BO32: 0 | BP32: 0 | BQ32: =IFERROR(IF((BP32/BO32)>=1,100%,(BP32/BO32)),0%) -> 0 | BR32: =BJ32+BO32 -> 0 | BS32: =BK32+BP32 -> 0 | BT32: =BS32-BR32 -> 0 | BU32: =BR32/$G32 -> 0 | BV32: =BS32/$G32 -> 0 | BW32: 0 | BX32: 0 | BY32: =IFERROR(IF((BX32/BW32)>=1,100%,(BX32/BW32)),0%) -> 0 | BZ32: =BR32+BW32 -> 0 | CA32: =BS32+BX32 -> 0 | CB32: =CA32-BZ32 -> 0 | CC32: =BZ32/$G32 -> 0 | CD32: =CA32/$G32 -> 0 | CE32: 0 | CF32: 0 | CG32: =IFERROR(IF((CF32/CE32)>=1,100%,(CF32/CE32)),0%) -> 0 | CH32: =BZ32+CE32 -> 0 | CI32: =CA32+CF32 -> 0 | CJ32: =CI32-CH32 -> 0 | CK32: =CH32/$G32 -> 0 | CL32: =CI32/$G32 -> 0 | CM32: 0 | CN32: 0 | CO32: =IFERROR(IF((CN32/CM32)>=1,100%,(CN32/CM32)),0%) -> 0 | CP32: =CH32+CM32 -> 0 | CQ32: =CI32+CN32 -> 0 | CR32: =CQ32-CP32 -> 0 | CS32: =CP32/$G32 -> 0 | CT32: =CQ32/$G32 -> 0 | CU32: 0 | CV32: 0 | CW32: =IFERROR(IF((CV32/CU32)>=1,100%,(CV32/CU32)),0%) -> 0 | CX32: =CP32+CU32 -> 0 | CY32: =CQ32+CV32 -> 0 | CZ32: =CY32-CX32 -> 0 | DA32: =CX32/$G32 -> 0 | DB32: =CY32/$G32 -> 0 | DC32: 0 | DD32: 0 | DE32: 0 | DF32: =CX32+DC32 -> 0 | DG32: =CY32+DD32 -> 0 | DH32: =DG32-DF32 -> 0 | DI32: =DF32/$G32 -> 0 | DJ32: =DG32/$G32 -> 0 | DK32: 0 | DL32: 0 | DM32: =IFERROR(IF((DL32/DK32)>=1,100%,(DL32/DK32)),0%) -> 0 | DN32: =DF32+DK32 -> 0 | DO32: =DG32+DL32 -> 0 | DP32: =DO32-DN32 -> 0 | DQ32: =DN32/$G32 -> 0 | DR32: =DO32/$G32 -> 0
F33: 구현 | G33: 1 | H33: 1 | I33: =SUM(L33+T33+AB33+AJ33+AR33+AZ33+BH33+BP33+BX33+CF33+CN33+CV33+DD33+DL33+DT33+EB33+EJ33+ER33+EZ33+FI33+FR33+GB33+GL33+GV33+HF33+HP33+HZ33+IJ33+IT33+JD33+JN33+JX33+KH33+KR33+LB33+LL33+LV33+MF33+MP33+MZ33) -> 0 | J33: =IFERROR(IF((I33/H33)>=1,100%,(I33/H33)),0%) -> 0 | K33: 0 | L33: 0 | M33: =IFERROR(IF((L33/K33)>=1,100%,(L33/K33)),0%) -> 0 | N33: =+K33 -> 0 | O33: =+L33 -> 0 | P33: =O33-N33 -> 0 | Q33: =N33/$G33 -> 0 | R33: =O33/$G33 -> 0 | S33: 0 | T33: 0 | U33: =IFERROR(IF((T33/S33)>=1,100%,(T33/S33)),0%) -> 0 | V33: =N33+S33 -> 0 | W33: =O33+T33 -> 0 | X33: =W33-V33 -> 0 | Y33: =V33/$G33 -> 0 | Z33: =W33/$G33 -> 0 | AA33: 0 | AB33: 0 | AC33: =IFERROR(IF((AB33/AA33)>=1,100%,(AB33/AA33)),0%) -> 0 | AD33: =V33+AA33 -> 0 | AE33: =W33+AB33 -> 0 | AF33: =AE33-AD33 -> 0 | AG33: =AD33/$G33 -> 0 | AH33: =AE33/$G33 -> 0 | AI33: 0 | AJ33: 0 | AK33: =IFERROR(IF((AJ33/AI33)>=1,100%,(AJ33/AI33)),0%) -> 0 | AL33: =AD33+AI33 -> 0 | AM33: =AE33+AJ33 -> 0 | AN33: =AM33-AL33 -> 0 | AO33: =AL33/$G33 -> 0 | AP33: =AM33/$G33 -> 0 | AQ33: 0 | AR33: 0 | AS33: =IFERROR(IF((AR33/AQ33)>=1,100%,(AR33/AQ33)),0%) -> 0 | AT33: =AL33+AQ33 -> 0 | AU33: =AM33+AR33 -> 0 | AV33: =AU33-AT33 -> 0 | AW33: =AT33/$G33 -> 0 | AX33: =AU33/$G33 -> 0 | AY33: 0 | AZ33: 0 | BA33: =IFERROR(IF((AZ33/AY33)>=1,100%,(AZ33/AY33)),0%) -> 0 | BB33: =AT33+AY33 -> 0 | BC33: =AU33+AZ33 -> 0 | BD33: =BC33-BB33 -> 0 | BE33: =BB33/$G33 -> 0 | BF33: =BC33/$G33 -> 0 | BG33: 0 | BH33: 0 | BI33: =IFERROR(IF((BH33/BG33)>=1,100%,(BH33/BG33)),0%) -> 0 | BJ33: =BB33+BG33 -> 0 | BK33: =BC33+BH33 -> 0 | BL33: =BK33-BJ33 -> 0 | BM33: =BJ33/$G33 -> 0 | BN33: =BK33/$G33 -> 0 | BO33: 0 | BP33: 0 | BQ33: =IFERROR(IF((BP33/BO33)>=1,100%,(BP33/BO33)),0%) -> 0 | BR33: =BJ33+BO33 -> 0 | BS33: =BK33+BP33 -> 0 | BT33: =BS33-BR33 -> 0 | BU33: =BR33/$G33 -> 0 | BV33: =BS33/$G33 -> 0 | BW33: 0 | BX33: 0 | BY33: =IFERROR(IF((BX33/BW33)>=1,100%,(BX33/BW33)),0%) -> 0 | BZ33: =BR33+BW33 -> 0 | CA33: =BS33+BX33 -> 0 | CB33: =CA33-BZ33 -> 0 | CC33: =BZ33/$G33 -> 0 | CD33: =CA33/$G33 -> 0 | CE33: 0 | CF33: 0 | CG33: =IFERROR(IF((CF33/CE33)>=1,100%,(CF33/CE33)),0%) -> 0 | CH33: =BZ33+CE33 -> 0 | CI33: =CA33+CF33 -> 0 | CJ33: =CI33-CH33 -> 0 | CK33: =CH33/$G33 -> 0 | CL33: =CI33/$G33 -> 0 | CM33: 0 | CN33: 0 | CO33: =IFERROR(IF((CN33/CM33)>=1,100%,(CN33/CM33)),0%) -> 0 | CP33: =CH33+CM33 -> 0 | CQ33: =CI33+CN33 -> 0 | CR33: =CQ33-CP33 -> 0 | CS33: =CP33/$G33 -> 0 | CT33: =CQ33/$G33 -> 0 | CU33: 0 | CV33: 0 | CW33: =IFERROR(IF((CV33/CU33)>=1,100%,(CV33/CU33)),0%) -> 0 | CX33: =CP33+CU33 -> 0 | CY33: =CQ33+CV33 -> 0 | CZ33: =CY33-CX33 -> 0 | DA33: =CX33/$G33 -> 0 | DB33: =CY33/$G33 -> 0 | DC33: 0 | DD33: 0 | DE33: 0 | DF33: =CX33+DC33 -> 0 | DG33: =CY33+DD33 -> 0 | DH33: =DG33-DF33 -> 0 | DI33: =DF33/$G33 -> 0 | DJ33: =DG33/$G33 -> 0 | DK33: 0 | DL33: 0 | DM33: =IFERROR(IF((DL33/DK33)>=1,100%,(DL33/DK33)),0%) -> 0 | DN33: =DF33+DK33 -> 0 | DO33: =DG33+DL33 -> 0 | DP33: =DO33-DN33 -> 0 | DQ33: =DN33/$G33 -> 0 | DR33: =DO33/$G33 -> 0
F34: 테스트 | G34: 1 | H34: 1 | I34: =SUM(L34+T34+AB34+AJ34+AR34+AZ34+BH34+BP34+BX34+CF34+CN34+CV34+DD34+DL34+DT34+EB34+EJ34+ER34+EZ34+FI34+FR34+GB34+GL34+GV34+HF34+HP34+HZ34+IJ34+IT34+JD34+JN34+JX34+KH34+KR34+LB34+LL34+LV34+MF34+MP34+MZ34) -> 0 | J34: =IFERROR(IF((I34/H34)>=1,100%,(I34/H34)),0%) -> 0 | K34: 0 | L34: 0 | M34: =IFERROR(IF((L34/K34)>=1,100%,(L34/K34)),0%) -> 0 | N34: =+K34 -> 0 | O34: =+L34 -> 0 | P34: =O34-N34 -> 0 | Q34: =N34/$G34 -> 0 | R34: =O34/$G34 -> 0 | S34: 0 | T34: 0 | U34: =IFERROR(IF((T34/S34)>=1,100%,(T34/S34)),0%) -> 0 | V34: =N34+S34 -> 0 | W34: =O34+T34 -> 0 | X34: =W34-V34 -> 0 | Y34: =V34/$G34 -> 0 | Z34: =W34/$G34 -> 0 | AA34: 0 | AB34: 0 | AC34: =IFERROR(IF((AB34/AA34)>=1,100%,(AB34/AA34)),0%) -> 0 | AD34: =V34+AA34 -> 0 | AE34: =W34+AB34 -> 0 | AF34: =AE34-AD34 -> 0 | AG34: =AD34/$G34 -> 0 | AH34: =AE34/$G34 -> 0 | AI34: 0 | AJ34: 0 | AK34: =IFERROR(IF((AJ34/AI34)>=1,100%,(AJ34/AI34)),0%) -> 0 | AL34: =AD34+AI34 -> 0 | AM34: =AE34+AJ34 -> 0 | AN34: =AM34-AL34 -> 0 | AO34: =AL34/$G34 -> 0 | AP34: =AM34/$G34 -> 0 | AQ34: 0 | AR34: 0 | AS34: =IFERROR(IF((AR34/AQ34)>=1,100%,(AR34/AQ34)),0%) -> 0 | AT34: =AL34+AQ34 -> 0 | AU34: =AM34+AR34 -> 0 | AV34: =AU34-AT34 -> 0 | AW34: =AT34/$G34 -> 0 | AX34: =AU34/$G34 -> 0 | AY34: 0 | AZ34: 0 | BA34: =IFERROR(IF((AZ34/AY34)>=1,100%,(AZ34/AY34)),0%) -> 0 | BB34: =AT34+AY34 -> 0 | BC34: =AU34+AZ34 -> 0 | BD34: =BC34-BB34 -> 0 | BE34: =BB34/$G34 -> 0 | BF34: =BC34/$G34 -> 0 | BG34: 0 | BH34: 0 | BI34: =IFERROR(IF((BH34/BG34)>=1,100%,(BH34/BG34)),0%) -> 0 | BJ34: =BB34+BG34 -> 0 | BK34: =BC34+BH34 -> 0 | BL34: =BK34-BJ34 -> 0 | BM34: =BJ34/$G34 -> 0 | BN34: =BK34/$G34 -> 0 | BO34: 0 | BP34: 0 | BQ34: =IFERROR(IF((BP34/BO34)>=1,100%,(BP34/BO34)),0%) -> 0 | BR34: =BJ34+BO34 -> 0 | BS34: =BK34+BP34 -> 0 | BT34: =BS34-BR34 -> 0 | BU34: =BR34/$G34 -> 0 | BV34: =BS34/$G34 -> 0 | BW34: 0 | BX34: 0 | BY34: =IFERROR(IF((BX34/BW34)>=1,100%,(BX34/BW34)),0%) -> 0 | BZ34: =BR34+BW34 -> 0 | CA34: =BS34+BX34 -> 0 | CB34: =CA34-BZ34 -> 0 | CC34: =BZ34/$G34 -> 0 | CD34: =CA34/$G34 -> 0 | CE34: 0 | CF34: 0 | CG34: =IFERROR(IF((CF34/CE34)>=1,100%,(CF34/CE34)),0%) -> 0 | CH34: =BZ34+CE34 -> 0 | CI34: =CA34+CF34 -> 0 | CJ34: =CI34-CH34 -> 0 | CK34: =CH34/$G34 -> 0 | CL34: =CI34/$G34 -> 0 | CM34: 0 | CN34: 0 | CO34: =IFERROR(IF((CN34/CM34)>=1,100%,(CN34/CM34)),0%) -> 0 | CP34: =CH34+CM34 -> 0 | CQ34: =CI34+CN34 -> 0 | CR34: =CQ34-CP34 -> 0 | CS34: =CP34/$G34 -> 0 | CT34: =CQ34/$G34 -> 0 | CU34: 0 | CV34: 0 | CW34: =IFERROR(IF((CV34/CU34)>=1,100%,(CV34/CU34)),0%) -> 0 | CX34: =CP34+CU34 -> 0 | CY34: =CQ34+CV34 -> 0 | CZ34: =CY34-CX34 -> 0 | DA34: =CX34/$G34 -> 0 | DB34: =CY34/$G34 -> 0 | DC34: 0 | DD34: 0 | DE34: 0 | DF34: =CX34+DC34 -> 0 | DG34: =CY34+DD34 -> 0 | DH34: =DG34-DF34 -> 0 | DI34: =DF34/$G34 -> 0 | DJ34: =DG34/$G34 -> 0 | DK34: 0 | DL34: 0 | DM34: =IFERROR(IF((DL34/DK34)>=1,100%,(DL34/DK34)),0%) -> 0 | DN34: =DF34+DK34 -> 0 | DO34: =DG34+DL34 -> 0 | DP34: =DO34-DN34 -> 0 | DQ34: =DN34/$G34 -> 0 | DR34: =DO34/$G34 -> 0
C35: 데이터 연동을 통한 건축시뮬레이션 | D35: UI정보기반 건축시뮬레이션 | E35: 2 | F35: UI/UX 설계 | G35: 1 | H35: 1 | I35: =SUM(L35+T35+AB35+AJ35+AR35+AZ35+BH35+BP35+BX35+CF35+CN35+CV35+DD35+DL35+DT35+EB35+EJ35+ER35+EZ35+FI35+FR35+GB35+GL35+GV35+HF35+HP35+HZ35+IJ35+IT35+JD35+JN35+JX35+KH35+KR35+LB35+LL35+LV35+MF35+MP35+MZ35) -> 0 | J35: =IFERROR(IF((I35/H35)>=1,100%,(I35/H35)),0%) -> 0 | K35: 0 | L35: 0 | M35: =IFERROR(IF((L35/K35)>=1,100%,(L35/K35)),0%) -> 0 | N35: =+K35 -> 0 | O35: =+L35 -> 0 | P35: =O35-N35 -> 0 | Q35: =N35/$G35 -> 0 | R35: =O35/$G35 -> 0 | S35: 0 | T35: 0 | U35: =IFERROR(IF((T35/S35)>=1,100%,(T35/S35)),0%) -> 0 | V35: =N35+S35 -> 0 | W35: =O35+T35 -> 0 | X35: =W35-V35 -> 0 | Y35: =V35/$G35 -> 0 | Z35: =W35/$G35 -> 0 | AA35: 0 | AB35: 0 | AC35: =IFERROR(IF((AB35/AA35)>=1,100%,(AB35/AA35)),0%) -> 0 | AD35: =V35+AA35 -> 0 | AE35: =W35+AB35 -> 0 | AF35: =AE35-AD35 -> 0 | AG35: =AD35/$G35 -> 0 | AH35: =AE35/$G35 -> 0 | AI35: 0 | AJ35: 0 | AK35: =IFERROR(IF((AJ35/AI35)>=1,100%,(AJ35/AI35)),0%) -> 0 | AL35: =AD35+AI35 -> 0 | AM35: =AE35+AJ35 -> 0 | AN35: =AM35-AL35 -> 0 | AO35: =AL35/$G35 -> 0 | AP35: =AM35/$G35 -> 0 | AQ35: 0 | AR35: 0 | AS35: =IFERROR(IF((AR35/AQ35)>=1,100%,(AR35/AQ35)),0%) -> 0 | AT35: =AL35+AQ35 -> 0 | AU35: =AM35+AR35 -> 0 | AV35: =AU35-AT35 -> 0 | AW35: =AT35/$G35 -> 0 | AX35: =AU35/$G35 -> 0 | AY35: 0 | AZ35: 0 | BA35: =IFERROR(IF((AZ35/AY35)>=1,100%,(AZ35/AY35)),0%) -> 0 | BB35: =AT35+AY35 -> 0 | BC35: =AU35+AZ35 -> 0 | BD35: =BC35-BB35 -> 0 | BE35: =BB35/$G35 -> 0 | BF35: =BC35/$G35 -> 0 | BG35: 0 | BH35: 0 | BI35: =IFERROR(IF((BH35/BG35)>=1,100%,(BH35/BG35)),0%) -> 0 | BJ35: =BB35+BG35 -> 0 | BK35: =BC35+BH35 -> 0 | BL35: =BK35-BJ35 -> 0 | BM35: =BJ35/$G35 -> 0 | BN35: =BK35/$G35 -> 0 | BO35: 0 | BP35: 0 | BQ35: =IFERROR(IF((BP35/BO35)>=1,100%,(BP35/BO35)),0%) -> 0 | BR35: =BJ35+BO35 -> 0 | BS35: =BK35+BP35 -> 0 | BT35: =BS35-BR35 -> 0 | BU35: =BR35/$G35 -> 0 | BV35: =BS35/$G35 -> 0 | BW35: 0 | BX35: 0 | BY35: =IFERROR(IF((BX35/BW35)>=1,100%,(BX35/BW35)),0%) -> 0 | BZ35: =BR35+BW35 -> 0 | CA35: =BS35+BX35 -> 0 | CB35: =CA35-BZ35 -> 0 | CC35: =BZ35/$G35 -> 0 | CD35: =CA35/$G35 -> 0 | CE35: 0 | CF35: 0 | CG35: =IFERROR(IF((CF35/CE35)>=1,100%,(CF35/CE35)),0%) -> 0 | CH35: =BZ35+CE35 -> 0 | CI35: =CA35+CF35 -> 0 | CJ35: =CI35-CH35 -> 0 | CK35: =CH35/$G35 -> 0 | CL35: =CI35/$G35 -> 0 | CM35: 0 | CN35: 0 | CO35: =IFERROR(IF((CN35/CM35)>=1,100%,(CN35/CM35)),0%) -> 0 | CP35: =CH35+CM35 -> 0 | CQ35: =CI35+CN35 -> 0 | CR35: =CQ35-CP35 -> 0 | CS35: =CP35/$G35 -> 0 | CT35: =CQ35/$G35 -> 0 | CU35: 0 | CV35: 0 | CW35: =IFERROR(IF((CV35/CU35)>=1,100%,(CV35/CU35)),0%) -> 0 | CX35: =CP35+CU35 -> 0 | CY35: =CQ35+CV35 -> 0 | CZ35: =CY35-CX35 -> 0 | DA35: =CX35/$G35 -> 0 | DB35: =CY35/$G35 -> 0 | DC35: 0 | DD35: 0 | DE35: 0 | DF35: =CX35+DC35 -> 0 | DG35: =CY35+DD35 -> 0 | DH35: =DG35-DF35 -> 0 | DI35: =DF35/$G35 -> 0 | DJ35: =DG35/$G35 -> 0 | DK35: 0 | DL35: 0 | DM35: =IFERROR(IF((DL35/DK35)>=1,100%,(DL35/DK35)),0%) -> 0 | DN35: =DF35+DK35 -> 0 | DO35: =DG35+DL35 -> 0 | DP35: =DO35-DN35 -> 0 | DQ35: =DN35/$G35 -> 0 | DR35: =DO35/$G35 -> 0
F36: 구현 | G36: 1 | H36: 1 | I36: =SUM(L36+T36+AB36+AJ36+AR36+AZ36+BH36+BP36+BX36+CF36+CN36+CV36+DD36+DL36+DT36+EB36+EJ36+ER36+EZ36+FI36+FR36+GB36+GL36+GV36+HF36+HP36+HZ36+IJ36+IT36+JD36+JN36+JX36+KH36+KR36+LB36+LL36+LV36+MF36+MP36+MZ36) -> 0 | J36: =IFERROR(IF((I36/H36)>=1,100%,(I36/H36)),0%) -> 0 | K36: 0 | L36: 0 | M36: =IFERROR(IF((L36/K36)>=1,100%,(L36/K36)),0%) -> 0 | N36: =+K36 -> 0 | O36: =+L36 -> 0 | P36: =O36-N36 -> 0 | Q36: =N36/$G36 -> 0 | R36: =O36/$G36 -> 0 | S36: 0 | T36: 0 | U36: =IFERROR(IF((T36/S36)>=1,100%,(T36/S36)),0%) -> 0 | V36: =N36+S36 -> 0 | W36: =O36+T36 -> 0 | X36: =W36-V36 -> 0 | Y36: =V36/$G36 -> 0 | Z36: =W36/$G36 -> 0 | AA36: 0 | AB36: 0 | AC36: =IFERROR(IF((AB36/AA36)>=1,100%,(AB36/AA36)),0%) -> 0 | AD36: =V36+AA36 -> 0 | AE36: =W36+AB36 -> 0 | AF36: =AE36-AD36 -> 0 | AG36: =AD36/$G36 -> 0 | AH36: =AE36/$G36 -> 0 | AI36: 0 | AJ36: 0 | AK36: =IFERROR(IF((AJ36/AI36)>=1,100%,(AJ36/AI36)),0%) -> 0 | AL36: =AD36+AI36 -> 0 | AM36: =AE36+AJ36 -> 0 | AN36: =AM36-AL36 -> 0 | AO36: =AL36/$G36 -> 0 | AP36: =AM36/$G36 -> 0 | AQ36: 0 | AR36: 0 | AS36: =IFERROR(IF((AR36/AQ36)>=1,100%,(AR36/AQ36)),0%) -> 0 | AT36: =AL36+AQ36 -> 0 | AU36: =AM36+AR36 -> 0 | AV36: =AU36-AT36 -> 0 | AW36: =AT36/$G36 -> 0 | AX36: =AU36/$G36 -> 0 | AY36: 0 | AZ36: 0 | BA36: =IFERROR(IF((AZ36/AY36)>=1,100%,(AZ36/AY36)),0%) -> 0 | BB36: =AT36+AY36 -> 0 | BC36: =AU36+AZ36 -> 0 | BD36: =BC36-BB36 -> 0 | BE36: =BB36/$G36 -> 0 | BF36: =BC36/$G36 -> 0 | BG36: 0 | BH36: 0 | BI36: =IFERROR(IF((BH36/BG36)>=1,100%,(BH36/BG36)),0%) -> 0 | BJ36: =BB36+BG36 -> 0 | BK36: =BC36+BH36 -> 0 | BL36: =BK36-BJ36 -> 0 | BM36: =BJ36/$G36 -> 0 | BN36: =BK36/$G36 -> 0 | BO36: 0 | BP36: 0 | BQ36: =IFERROR(IF((BP36/BO36)>=1,100%,(BP36/BO36)),0%) -> 0 | BR36: =BJ36+BO36 -> 0 | BS36: =BK36+BP36 -> 0 | BT36: =BS36-BR36 -> 0 | BU36: =BR36/$G36 -> 0 | BV36: =BS36/$G36 -> 0 | BW36: 0 | BX36: 0 | BY36: =IFERROR(IF((BX36/BW36)>=1,100%,(BX36/BW36)),0%) -> 0 | BZ36: =BR36+BW36 -> 0 | CA36: =BS36+BX36 -> 0 | CB36: =CA36-BZ36 -> 0 | CC36: =BZ36/$G36 -> 0 | CD36: =CA36/$G36 -> 0 | CE36: 0 | CF36: 0 | CG36: =IFERROR(IF((CF36/CE36)>=1,100%,(CF36/CE36)),0%) -> 0 | CH36: =BZ36+CE36 -> 0 | CI36: =CA36+CF36 -> 0 | CJ36: =CI36-CH36 -> 0 | CK36: =CH36/$G36 -> 0 | CL36: =CI36/$G36 -> 0 | CM36: 0 | CN36: 0 | CO36: =IFERROR(IF((CN36/CM36)>=1,100%,(CN36/CM36)),0%) -> 0 | CP36: =CH36+CM36 -> 0 | CQ36: =CI36+CN36 -> 0 | CR36: =CQ36-CP36 -> 0 | CS36: =CP36/$G36 -> 0 | CT36: =CQ36/$G36 -> 0 | CU36: 0 | CV36: 0 | CW36: =IFERROR(IF((CV36/CU36)>=1,100%,(CV36/CU36)),0%) -> 0 | CX36: =CP36+CU36 -> 0 | CY36: =CQ36+CV36 -> 0 | CZ36: =CY36-CX36 -> 0 | DA36: =CX36/$G36 -> 0 | DB36: =CY36/$G36 -> 0 | DC36: 0 | DD36: 0 | DE36: 0 | DF36: =CX36+DC36 -> 0 | DG36: =CY36+DD36 -> 0 | DH36: =DG36-DF36 -> 0 | DI36: =DF36/$G36 -> 0 | DJ36: =DG36/$G36 -> 0 | DK36: 0 | DL36: 0 | DM36: =IFERROR(IF((DL36/DK36)>=1,100%,(DL36/DK36)),0%) -> 0 | DN36: =DF36+DK36 -> 0 | DO36: =DG36+DL36 -> 0 | DP36: =DO36-DN36 -> 0 | DQ36: =DN36/$G36 -> 0 | DR36: =DO36/$G36 -> 0
F37: 테스트 | G37: 1 | H37: 1 | I37: =SUM(L37+T37+AB37+AJ37+AR37+AZ37+BH37+BP37+BX37+CF37+CN37+CV37+DD37+DL37+DT37+EB37+EJ37+ER37+EZ37+FI37+FR37+GB37+GL37+GV37+HF37+HP37+HZ37+IJ37+IT37+JD37+JN37+JX37+KH37+KR37+LB37+LL37+LV37+MF37+MP37+MZ37) -> 0 | J37: =IFERROR(IF((I37/H37)>=1,100%,(I37/H37)),0%) -> 0 | K37: 0 | L37: 0 | M37: =IFERROR(IF((L37/K37)>=1,100%,(L37/K37)),0%) -> 0 | N37: =+K37 -> 0 | O37: =+L37 -> 0 | P37: =O37-N37 -> 0 | Q37: =N37/$G37 -> 0 | R37: =O37/$G37 -> 0 | S37: 0 | T37: 0 | U37: =IFERROR(IF((T37/S37)>=1,100%,(T37/S37)),0%) -> 0 | V37: =N37+S37 -> 0 | W37: =O37+T37 -> 0 | X37: =W37-V37 -> 0 | Y37: =V37/$G37 -> 0 | Z37: =W37/$G37 -> 0 | AA37: 0 | AB37: 0 | AC37: =IFERROR(IF((AB37/AA37)>=1,100%,(AB37/AA37)),0%) -> 0 | AD37: =V37+AA37 -> 0 | AE37: =W37+AB37 -> 0 | AF37: =AE37-AD37 -> 0 | AG37: =AD37/$G37 -> 0 | AH37: =AE37/$G37 -> 0 | AI37: 0 | AJ37: 0 | AK37: =IFERROR(IF((AJ37/AI37)>=1,100%,(AJ37/AI37)),0%) -> 0 | AL37: =AD37+AI37 -> 0 | AM37: =AE37+AJ37 -> 0 | AN37: =AM37-AL37 -> 0 | AO37: =AL37/$G37 -> 0 | AP37: =AM37/$G37 -> 0 | AQ37: 0 | AR37: 0 | AS37: =IFERROR(IF((AR37/AQ37)>=1,100%,(AR37/AQ37)),0%) -> 0 | AT37: =AL37+AQ37 -> 0 | AU37: =AM37+AR37 -> 0 | AV37: =AU37-AT37 -> 0 | AW37: =AT37/$G37 -> 0 | AX37: =AU37/$G37 -> 0 | AY37: 0 | AZ37: 0 | BA37: =IFERROR(IF((AZ37/AY37)>=1,100%,(AZ37/AY37)),0%) -> 0 | BB37: =AT37+AY37 -> 0 | BC37: =AU37+AZ37 -> 0 | BD37: =BC37-BB37 -> 0 | BE37: =BB37/$G37 -> 0 | BF37: =BC37/$G37 -> 0 | BG37: 0 | BH37: 0 | BI37: =IFERROR(IF((BH37/BG37)>=1,100%,(BH37/BG37)),0%) -> 0 | BJ37: =BB37+BG37 -> 0 | BK37: =BC37+BH37 -> 0 | BL37: =BK37-BJ37 -> 0 | BM37: =BJ37/$G37 -> 0 | BN37: =BK37/$G37 -> 0 | BO37: 0 | BP37: 0 | BQ37: =IFERROR(IF((BP37/BO37)>=1,100%,(BP37/BO37)),0%) -> 0 | BR37: =BJ37+BO37 -> 0 | BS37: =BK37+BP37 -> 0 | BT37: =BS37-BR37 -> 0 | BU37: =BR37/$G37 -> 0 | BV37: =BS37/$G37 -> 0 | BW37: 0 | BX37: 0 | BY37: =IFERROR(IF((BX37/BW37)>=1,100%,(BX37/BW37)),0%) -> 0 | BZ37: =BR37+BW37 -> 0 | CA37: =BS37+BX37 -> 0 | CB37: =CA37-BZ37 -> 0 | CC37: =BZ37/$G37 -> 0 | CD37: =CA37/$G37 -> 0 | CE37: 0 | CF37: 0 | CG37: =IFERROR(IF((CF37/CE37)>=1,100%,(CF37/CE37)),0%) -> 0 | CH37: =BZ37+CE37 -> 0 | CI37: =CA37+CF37 -> 0 | CJ37: =CI37-CH37 -> 0 | CK37: =CH37/$G37 -> 0 | CL37: =CI37/$G37 -> 0 | CM37: 0 | CN37: 0 | CO37: =IFERROR(IF((CN37/CM37)>=1,100%,(CN37/CM37)),0%) -> 0 | CP37: =CH37+CM37 -> 0 | CQ37: =CI37+CN37 -> 0 | CR37: =CQ37-CP37 -> 0 | CS37: =CP37/$G37 -> 0 | CT37: =CQ37/$G37 -> 0 | CU37: 0 | CV37: 0 | CW37: =IFERROR(IF((CV37/CU37)>=1,100%,(CV37/CU37)),0%) -> 0 | CX37: =CP37+CU37 -> 0 | CY37: =CQ37+CV37 -> 0 | CZ37: =CY37-CX37 -> 0 | DA37: =CX37/$G37 -> 0 | DB37: =CY37/$G37 -> 0 | DC37: 0 | DD37: 0 | DE37: 0 | DF37: =CX37+DC37 -> 0 | DG37: =CY37+DD37 -> 0 | DH37: =DG37-DF37 -> 0 | DI37: =DF37/$G37 -> 0 | DJ37: =DG37/$G37 -> 0 | DK37: 0 | DL37: 0 | DM37: =IFERROR(IF((DL37/DK37)>=1,100%,(DL37/DK37)),0%) -> 0 | DN37: =DF37+DK37 -> 0 | DO37: =DG37+DL37 -> 0 | DP37: =DO37-DN37 -> 0 | DQ37: =DN37/$G37 -> 0 | DR37: =DO37/$G37 -> 0
B38: 누적진척율(가중치%)
